ID,type,lng,lat ,pack_total_weight,pack_total_volume,first_receive_time,last_receive_time,deadline,first_receive_tm,last_receive_tm,cluster
0,1,116.571614,39.792844,0,0,0,960,960,8:00:00,0:00:00,warehouse_center
1,2,116.24204,40.07263,0.2076,0.3666,60 ,240,210,9:00:00,12:00:00,cluster_0
2,2,116.403595,39.872944,0.05863,0.1687,330 ,360,330,13:30:00,14:00:00,cluster_4
3,2,116.18629,40.01636,0.03645,0.0745,300 ,420,390,13:00:00,15:00:00,cluster_0
4,2,116.50801,39.826298,0.02595,0.0542,60 ,120,90,9:00:00,10:00:00,cluster_1
5,2,116.131,39.82592,0.0198,0.1117,180 ,330,300,11:00:00,13:30:00,cluster_2
6,2,116.29209,39.942184,0.02653,0.0409,210 ,300,270,11:30:00,13:00:00,cluster_7
7,2,116.4398,39.833046,0.06097,0.1057,60 ,180,150,9:00:00,11:00:00,cluster_1
8,2,116.508965,39.82386,0.01075,0.0455,300 ,420,390,13:00:00,15:00:00,cluster_1
9,2,116.37869,39.795017,0.221895,0.3375,60 ,240,210,9:00:00,12:00:00,cluster_8
10,2,116.35837,39.92253,0.025,0.2034,300 ,360,330,13:00:00,14:00:00,cluster_4
11,2,116.373795,39.865784,0.051942,0.1037,330 ,450,420,13:30:00,15:30:00,cluster_4
12,2,116.18301,40.16138,0.04723,0.0964,330 ,450,420,13:30:00,15:30:00,cluster_0
13,2,116.16011,40.04781,0.692255,1.1219,330 ,360,330,13:30:00,14:00:00,cluster_0
14,2,116.67862,39.847614,0.01055,0.026,120 ,240,210,10:00:00,12:00:00,cluster_5
15,2,116.22626,39.713318,0.0505,0.1151,180 ,240,210,11:00:00,12:00:00,cluster_8
16,2,116.306946,40.09951,0.348,3.4027,90 ,180,150,9:30:00,11:00:00,cluster_6
17,2,116.4087,39.766476,0.4524,4.4235,120 ,180,150,10:00:00,11:00:00,cluster_8
18,2,116.333275,39.851692,0.518445,1.4488,90 ,150,120,9:30:00,10:30:00,cluster_4
19,2,116.197,40.11375,0.0208,0.1346,300 ,360,330,13:00:00,14:00:00,cluster_0
20,2,116.40678,40.151047,0.0886,0.1477,60 ,120,90,9:00:00,10:00:00,cluster_6
21,2,116.14471,39.969707,0.02865,0.0513,60 ,240,210,9:00:00,12:00:00,cluster_7
22,2,116.129616,39.81306,0.0105,0.0386,120 ,180,150,10:00:00,11:00:00,cluster_2
23,2,116.64375,40.01394,0.0856,0.1566,300 ,390,360,13:00:00,14:30:00,cluster_5
24,2,116.29637,39.837048,0.03304,0.1331,330 ,450,420,13:30:00,15:30:00,cluster_4
25,2,116.447044,40.00808,0.02366,0.3351,60 ,240,210,9:00:00,12:00:00,cluster_9
26,2,116.27696,40.15864,0.08944,0.1272,120 ,240,210,10:00:00,12:00:00,cluster_6
27,2,116.35456,39.866295,0.015,0.3662,330 ,450,420,13:30:00,15:30:00,cluster_4
28,2,116.31803,39.87511,0.03798,0.051,330 ,450,420,13:30:00,15:30:00,cluster_4
29,2,116.42559,39.865788,0.02212,0.798,330 ,360,330,13:30:00,14:00:00,cluster_4
30,2,116.471535,39.96689,0.24,0.4176,120 ,180,150,10:00:00,11:00:00,cluster_9
31,2,116.499245,40.007637,0.013,0.0368,90 ,180,150,9:30:00,11:00:00,cluster_9
32,2,116.319855,39.936626,0.3153,0.6039,180 ,240,210,11:00:00,12:00:00,cluster_4
33,2,116.44067,39.923042,0.1716,0.4511,330 ,360,330,13:30:00,14:00:00,cluster_9
34,2,116.20588,39.758114,0.04826,0.1466,180 ,330,300,11:00:00,13:30:00,cluster_2
35,2,116.44369,40.084957,0.01467,0.1156,120 ,180,150,10:00:00,11:00:00,cluster_6
36,2,116.529236,39.912865,0.0124,0.159,120 ,240,210,10:00:00,12:00:00,cluster_1
37,2,116.638336,39.814205,0.01817,0.0293,180 ,300,270,11:00:00,13:00:00,cluster_1
38,2,116.352196,39.72023,0.06247,0.121,300 ,360,330,13:00:00,14:00:00,cluster_8
39,2,116.21816,40.163925,0.0202,0.0515,60 ,240,210,9:00:00,12:00:00,cluster_0
40,2,116.402016,39.854454,0.0106,0.0244,180 ,330,300,11:00:00,13:30:00,cluster_4
41,2,116.44767,39.907295,0.06498,0.4311,300 ,360,330,13:00:00,14:00:00,cluster_9
42,2,116.504715,40.07421,0.0135,0.0942,90 ,150,120,9:30:00,10:30:00,cluster_3
43,2,116.53611,39.8698,0.0129,0.0973,330 ,360,330,13:30:00,14:00:00,cluster_1
44,2,116.674034,39.980488,0.0129,0.0973,300 ,450,420,13:00:00,15:30:00,cluster_5
45,2,116.42108,39.869938,0.012,0.0837,60 ,180,150,9:00:00,11:00:00,cluster_4
46,2,116.326515,39.96907,0.02331,0.0956,300 ,420,390,13:00:00,15:00:00,cluster_9
47,2,116.619255,39.95918,0.36857,0.5909,330 ,390,360,13:30:00,14:30:00,cluster_5
48,2,116.1242,40.04441,0.0294,0.1717,180 ,330,300,11:00:00,13:30:00,cluster_0
49,2,116.3309,40.028103,0.657512,1.0689,300 ,390,360,13:00:00,14:30:00,cluster_6
50,2,116.21451,40.12289,0.01697,0.026,180 ,240,210,11:00:00,12:00:00,cluster_0
51,2,116.17562,40.137608,0.05025,0.262,180 ,300,270,11:00:00,13:00:00,cluster_0
52,2,116.28652,40.04015,0.04702,0.3459,90 ,150,120,9:30:00,10:30:00,cluster_0
53,2,116.54792,40.099247,0.56436,0.878,300 ,360,330,13:00:00,14:00:00,cluster_3
54,2,116.4262,39.768166,0.05526,0.0875,120 ,180,150,10:00:00,11:00:00,cluster_8
55,2,116.19866,39.91687,0.09815,0.2089,300 ,450,420,13:00:00,15:30:00,cluster_7
56,2,116.40104,40.12821,0.013164,0.3085,210 ,300,270,11:30:00,13:00:00,cluster_6
57,2,116.52679,39.772774,0.0878,0.9089,90 ,180,150,9:30:00,11:00:00,cluster_1
58,2,116.509575,39.903942,0.03786,0.3001,60 ,240,210,9:00:00,12:00:00,cluster_1
59,2,116.61996,40.01825,0.0348,0.2074,120 ,180,150,10:00:00,11:00:00,cluster_5
60,2,116.28854,39.94715,0.0252,0.0265,120 ,240,210,10:00:00,12:00:00,cluster_7
61,2,116.3586,40.049618,0.0288,0.1882,90 ,150,120,9:30:00,10:30:00,cluster_6
62,2,116.185684,40.041985,0.0181,0.103,90 ,240,210,9:30:00,12:00:00,cluster_0
63,2,116.56718,39.92213,0.021,0.1357,180 ,330,300,11:00:00,13:30:00,cluster_5
64,2,116.4542,39.823757,0.0108,0.0612,210 ,300,270,11:30:00,13:00:00,cluster_1
65,2,116.315445,40.14942,0.0134,0.1608,300 ,420,390,13:00:00,15:00:00,cluster_6
66,2,116.69749,39.969032,0.0164,0.1584,330 ,390,360,13:30:00,14:30:00,cluster_5
67,2,116.129776,40.030685,0.04008,0.1237,90 ,150,120,9:30:00,10:30:00,cluster_0
68,2,116.13503,39.82938,0.20093,0.295,330 ,450,420,13:30:00,15:30:00,cluster_2
69,2,116.15727,39.81385,0.22901,0.3757,300 ,360,330,13:00:00,14:00:00,cluster_2
70,2,116.10828,39.961533,0.03329,0.0594,90 ,150,120,9:30:00,10:30:00,cluster_7
71,2,116.69369,39.97763,0.02872,0.0458,210 ,300,270,11:30:00,13:00:00,cluster_5
72,2,116.31828,40.011353,0.02904,0.0432,180 ,240,210,11:00:00,12:00:00,cluster_9
73,2,116.55172,40.137787,0.0526,0.06,180 ,240,210,11:00:00,12:00:00,cluster_3
74,2,116.51929,39.97529,0.3765,0.253,330 ,450,420,13:30:00,15:30:00,cluster_9
75,2,116.278046,40.0209,0.01908,0.0726,330 ,420,390,13:30:00,15:00:00,cluster_0
76,2,116.28323,39.997765,0.02112,0.04,330 ,420,390,13:30:00,15:00:00,cluster_7
77,2,116.23945,40.166237,0.0336,0.062,300 ,420,390,13:00:00,15:00:00,cluster_0
78,2,116.70556,39.98208,0.010625,0.0402,180 ,240,210,11:00:00,12:00:00,cluster_5
79,2,116.325356,39.714638,0.06506,0.0767,180 ,300,270,11:00:00,13:00:00,cluster_8
80,2,116.29795,39.74962,0.03432,0.0902,300 ,390,360,13:00:00,14:30:00,cluster_8
81,2,116.44228,39.955036,0.15,0.2468,120 ,240,210,10:00:00,12:00:00,cluster_9
82,2,116.344185,39.928047,0.05758,0.0716,300 ,360,330,13:00:00,14:00:00,cluster_4
83,2,116.39675,40.0328,0.01536,0.0445,300 ,450,420,13:00:00,15:30:00,cluster_9
84,2,116.34396,39.731956,0.0786,0.6139,180 ,300,270,11:00:00,13:00:00,cluster_8
85,2,116.422325,39.93772,0.024,0.05,210 ,300,270,11:30:00,13:00:00,cluster_9
86,2,116.50139,39.940666,0.492,0.903,330 ,450,420,13:30:00,15:30:00,cluster_9
87,2,116.18186,39.87751,0.152,0.315,330 ,450,420,13:30:00,15:30:00,cluster_7
88,2,116.70239,39.98513,0.3596,3.5161,60 ,240,210,9:00:00,12:00:00,cluster_5
89,2,116.27623,39.95463,0.15171,0.2329,330 ,360,330,13:30:00,14:00:00,cluster_7
90,2,116.32712,39.983673,0.0204,0.0621,330 ,450,420,13:30:00,15:30:00,cluster_9
91,2,116.63628,40.029453,0.03772,0.3039,300 ,390,360,13:00:00,14:30:00,cluster_5
92,2,116.48627,39.755985,0.04418,0.3643,210 ,300,270,11:30:00,13:00:00,cluster_1
93,2,116.4431,39.902115,0.09197,0.6076,210 ,330,300,11:30:00,13:30:00,cluster_9
94,2,116.45248,39.766003,0.08526,0.3598,330 ,360,330,13:30:00,14:00:00,cluster_1
95,2,116.36888,39.750008,0.073,0.2659,330 ,390,360,13:30:00,14:30:00,cluster_8
96,2,116.267044,40.00522,0.0238,0.1072,330 ,390,360,13:30:00,14:30:00,cluster_7
97,2,116.39372,39.932945,0.427,0.6515,180 ,300,270,11:00:00,13:00:00,cluster_9
98,2,116.35665,40.0132,0.1095,1.0035,60 ,240,210,9:00:00,12:00:00,cluster_9
99,2,116.56326,39.920876,0.0108,0.0178,210 ,330,300,11:30:00,13:30:00,cluster_5
100,2,116.21499,39.94854,0.21378,0.3854,120 ,180,150,10:00:00,11:00:00,cluster_7
101,2,116.44899,39.850945,0.2382,2.0293,60 ,240,210,9:00:00,12:00:00,cluster_1
102,2,116.5314,39.973656,0.01808,0.1625,60 ,240,210,9:00:00,12:00:00,cluster_5
103,2,116.38686,40.078037,0.08408,0.262,60 ,120,90,9:00:00,10:00:00,cluster_6
104,2,116.32121,39.96761,0.12216,0.3263,300 ,450,420,13:00:00,15:30:00,cluster_9
105,2,116.30618,40.04766,0.192,0.3069,180 ,330,300,11:00:00,13:30:00,cluster_6
106,2,116.44915,39.858795,0.152195,0.267,210 ,300,270,11:30:00,13:00:00,cluster_1
107,2,116.409035,39.786938,0.323375,0.6364,180 ,330,300,11:00:00,13:30:00,cluster_8
108,2,116.32661,39.972782,0.15122,0.3452,330 ,360,330,13:30:00,14:00:00,cluster_9
109,2,116.18897,39.807587,0.162891,0.4848,60 ,120,90,9:00:00,10:00:00,cluster_2
110,2,116.11757,40.007862,0.1888,0.3324,300 ,420,390,13:00:00,15:00:00,cluster_0
111,2,116.22364,40.034058,0.48152,2.6539,60 ,120,90,9:00:00,10:00:00,cluster_0
112,2,116.47495,40.03735,0.171,0.297,330 ,390,360,13:30:00,14:30:00,cluster_3
113,2,116.56928,39.931225,0.075175,0.4547,60 ,120,90,9:00:00,10:00:00,cluster_5
114,2,116.45724,39.847343,0.02764,0.2584,330 ,450,420,13:30:00,15:30:00,cluster_1
115,2,116.22099,39.990715,0.03,0.1,90 ,150,120,9:30:00,10:30:00,cluster_7
116,2,116.15923,39.738323,0.22925,0.3858,300 ,360,330,13:00:00,14:00:00,cluster_2
117,2,116.22861,39.97817,0.15,0.2468,90 ,240,210,9:30:00,12:00:00,cluster_7
118,2,116.33723,39.877453,0.19877,0.2965,210 ,330,300,11:30:00,13:30:00,cluster_4
119,2,116.29185,39.87236,0.206584,0.3716,300 ,420,390,13:00:00,15:00:00,cluster_4
120,2,116.17172,39.89094,0.519,0.9165,60 ,120,90,9:00:00,10:00:00,cluster_7
121,2,116.20191,40.035122,0.24687,0.5859,210 ,330,300,11:30:00,13:30:00,cluster_0
122,2,116.461945,40.07379,0.159775,0.2796,180 ,300,270,11:00:00,13:00:00,cluster_3
123,2,116.53993,40.146034,0.1733,0.667,60 ,180,150,9:00:00,11:00:00,cluster_3
124,2,116.56414,39.847946,0.11544,0.2098,300 ,360,330,13:00:00,14:00:00,cluster_1
125,2,116.45954,39.921703,0.179128,0.3172,330 ,450,420,13:30:00,15:30:00,cluster_9
126,2,116.357124,39.91364,0.126505,0.1876,90 ,180,150,9:30:00,11:00:00,cluster_4
127,2,116.25083,39.89128,0.02526,0.0365,300 ,390,360,13:00:00,14:30:00,cluster_7
128,2,116.41595,39.78124,0.402725,0.7621,90 ,180,150,9:30:00,11:00:00,cluster_8
129,2,116.26199,39.997246,0.153,0.2595,60 ,180,150,9:00:00,11:00:00,cluster_7
130,2,116.54729,39.95843,0.240858,0.4389,330 ,360,330,13:30:00,14:00:00,cluster_5
131,2,116.15264,39.723152,0.161815,0.2787,90 ,150,120,9:30:00,10:30:00,cluster_2
132,2,116.323425,40.170216,0.21457,0.5964,60 ,180,150,9:00:00,11:00:00,cluster_6
133,2,116.411285,39.842316,0.167288,0.2766,180 ,240,210,11:00:00,12:00:00,cluster_4
134,2,116.27199,39.753773,0.17466,0.3058,60 ,240,210,9:00:00,12:00:00,cluster_8
135,2,116.44511,39.951336,0.297287,0.6575,330 ,420,390,13:30:00,15:00:00,cluster_9
136,2,116.42358,39.903786,0.151035,0.2572,300 ,390,360,13:00:00,14:30:00,cluster_4
137,2,116.1088,39.75993,0.189045,0.3066,90 ,150,120,9:30:00,10:30:00,cluster_2
138,2,116.12563,39.98683,0.01293,0.0264,300 ,420,390,13:00:00,15:00:00,cluster_7
139,2,116.11357,39.968266,0.19312,0.3998,300 ,390,360,13:00:00,14:30:00,cluster_7
140,2,116.271484,39.722942,0.1269,0.1846,210 ,330,300,11:30:00,13:30:00,cluster_8
141,2,116.545616,39.797443,0.06055,0.0901,330 ,450,420,13:30:00,15:30:00,cluster_1
142,2,116.237366,39.846855,0.025664,0.0388,90 ,180,150,9:30:00,11:00:00,cluster_2
143,2,116.27055,40.137196,0.0124,0.1241,90 ,150,120,9:30:00,10:30:00,cluster_6
144,2,116.588135,40.091385,0.04136,0.0802,90 ,240,210,9:30:00,12:00:00,cluster_3
145,2,116.33315,39.92681,0.010096,0.0753,120 ,240,210,10:00:00,12:00:00,cluster_4
146,2,116.28293,39.983,0.023852,0.0299,330 ,450,420,13:30:00,15:30:00,cluster_7
147,2,116.29254,40.142345,0.02246,0.0341,90 ,240,210,9:30:00,12:00:00,cluster_6
148,2,116.59504,39.858414,0.01806,0.0217,330 ,420,390,13:30:00,15:00:00,cluster_1
149,2,116.26447,39.841778,0.228415,0.4465,60 ,120,90,9:00:00,10:00:00,cluster_4
150,2,116.54725,40.00627,0.0236,0.032,180 ,330,300,11:00:00,13:30:00,cluster_3
151,2,116.34463,39.841846,0.03,0.1,210 ,330,300,11:30:00,13:30:00,cluster_4
152,2,116.10651,39.74148,0.5072,0.9,330 ,360,330,13:30:00,14:00:00,cluster_2
153,2,116.669334,39.878628,0.828,6.4765,60 ,120,90,9:00:00,10:00:00,cluster_5
154,2,116.61482,39.832806,1.61,12.5932,180 ,300,270,11:00:00,13:00:00,cluster_1
155,2,116.13354,39.847645,0.348,0.54,210 ,330,300,11:30:00,13:30:00,cluster_2
156,2,116.56388,40.13733,0.023275,0.0213,120 ,240,210,10:00:00,12:00:00,cluster_3
157,2,116.31968,39.82528,0.091,0.1753,60 ,240,210,9:00:00,12:00:00,cluster_4
158,2,116.51374,39.882732,0.01175,0.0454,120 ,180,150,10:00:00,11:00:00,cluster_1
159,2,116.28067,40.033928,0.072,0.6306,120 ,240,210,10:00:00,12:00:00,cluster_0
160,2,116.28604,39.79246,0.01758,0.0389,180 ,330,300,11:00:00,13:30:00,cluster_8
161,2,116.54573,39.748146,0.0672,0.1128,300 ,360,330,13:00:00,14:00:00,cluster_1
162,2,116.380646,40.138805,0.18,0.342,180 ,330,300,11:00:00,13:30:00,cluster_6
163,2,116.604034,39.947453,0.048,0.1,330 ,360,330,13:30:00,14:00:00,cluster_5
164,2,116.48995,39.80178,0.02024,0.0416,210 ,330,300,11:30:00,13:30:00,cluster_1
165,2,116.179886,39.80401,0.333,2.7443,330 ,390,360,13:30:00,14:30:00,cluster_2
166,2,116.38304,39.86848,0.123,0.9418,330 ,420,390,13:30:00,15:00:00,cluster_4
167,2,116.40289,39.92543,0.0615,0.5417,60 ,120,90,9:00:00,10:00:00,cluster_9
168,2,116.70161,39.95728,0.06825,0.5631,180 ,330,300,11:00:00,13:30:00,cluster_5
169,2,116.23279,39.99137,0.0288,0.0954,330 ,390,360,13:30:00,14:30:00,cluster_7
170,2,116.50253,39.807144,0.0105,0.0346,180 ,240,210,11:00:00,12:00:00,cluster_1
171,2,116.48653,39.860023,0.0156,0.0468,300 ,360,330,13:00:00,14:00:00,cluster_1
172,2,116.45716,39.99115,0.13905,1.2367,210 ,300,270,11:30:00,13:00:00,cluster_9
173,2,116.617325,40.03122,0.0136,0.0322,210 ,300,270,11:30:00,13:00:00,cluster_3
174,2,116.34038,40.136696,0.1177,1.2672,60 ,180,150,9:00:00,11:00:00,cluster_6
175,2,116.27652,39.738766,0.08312,1.4199,90 ,240,210,9:30:00,12:00:00,cluster_8
176,2,116.129,39.838966,0.01485,0.0825,180 ,300,270,11:00:00,13:00:00,cluster_2
177,2,116.3014,39.75376,0.033,0.048,180 ,300,270,11:00:00,13:00:00,cluster_8
178,2,116.35109,39.7535,0.03964,0.0719,300 ,450,420,13:00:00,15:30:00,cluster_8
179,2,116.15736,40.136642,0.021202,0.1225,90 ,180,150,9:30:00,11:00:00,cluster_0
180,2,116.53701,39.78828,0.111481,0.1628,210 ,330,300,11:30:00,13:30:00,cluster_1
181,2,116.45506,39.925007,0.03672,0.1398,300 ,360,330,13:00:00,14:00:00,cluster_9
182,2,116.67031,40.010025,0.023268,0.0468,330 ,390,360,13:30:00,14:30:00,cluster_5
183,2,116.27937,39.781055,0.01014,0.0164,210 ,330,300,11:30:00,13:30:00,cluster_8
184,2,116.231026,39.914806,1.75794,2.7668,60 ,120,90,9:00:00,10:00:00,cluster_7
185,2,116.20296,40.0953,0.584525,1.0338,60 ,120,90,9:00:00,10:00:00,cluster_0
186,2,116.49181,39.96265,0.03504,0.0652,180 ,240,210,11:00:00,12:00:00,cluster_9
187,2,116.253204,39.88671,0.0172,0.058,180 ,300,270,11:00:00,13:00:00,cluster_7
188,2,116.34292,39.74089,0.148144,0.2932,60 ,180,150,9:00:00,11:00:00,cluster_8
189,2,116.50192,39.740658,0.181,0.2962,60 ,240,210,9:00:00,12:00:00,cluster_1
190,2,116.53287,40.069424,0.188367,0.3042,90 ,240,210,9:30:00,12:00:00,cluster_3
191,2,116.45817,39.91188,0.04744,0.1732,330 ,450,420,13:30:00,15:30:00,cluster_9
192,2,116.19431,40.087406,0.04224,0.08,180 ,300,270,11:00:00,13:00:00,cluster_0
193,2,116.60827,39.99863,0.01271,0.0743,180 ,240,210,11:00:00,12:00:00,cluster_5
194,2,116.19979,39.915417,0.01236,0.0427,60 ,120,90,9:00:00,10:00:00,cluster_7
195,2,116.45051,40.06067,0.0263,0.03,330 ,360,330,13:30:00,14:00:00,cluster_3
196,2,116.14186,39.743782,0.15628,0.2758,60 ,180,150,9:00:00,11:00:00,cluster_2
197,2,116.140396,39.949425,0.22089,0.3692,120 ,240,210,10:00:00,12:00:00,cluster_7
198,2,116.28879,39.9645,0.427,0.6553,90 ,150,120,9:30:00,10:30:00,cluster_7
199,2,116.3411,39.824757,0.159465,0.3018,120 ,240,210,10:00:00,12:00:00,cluster_4
200,2,116.420654,39.883358,0.135615,0.2547,330 ,420,390,13:30:00,15:00:00,cluster_4
201,2,116.3761,40.023376,0.017,0.0774,300 ,450,420,13:00:00,15:30:00,cluster_9
202,2,116.321556,39.924484,0.19925,0.3131,330 ,360,330,13:30:00,14:00:00,cluster_4
203,2,116.20071,39.99889,0.15138,0.3166,60 ,120,90,9:00:00,10:00:00,cluster_7
204,2,116.49436,39.91854,0.458324,0.7963,180 ,330,300,11:00:00,13:30:00,cluster_9
205,2,116.458755,39.831776,0.169731,0.3162,300 ,420,390,13:00:00,15:00:00,cluster_1
206,2,116.230415,40.01826,0.27,0.9,180 ,330,300,11:00:00,13:30:00,cluster_0
207,2,116.67323,39.943886,0.141515,0.3067,120 ,240,210,10:00:00,12:00:00,cluster_5
208,2,116.35064,39.7201,0.172,0.2543,300 ,420,390,13:00:00,15:00:00,cluster_8
209,2,116.303635,40.025272,0.233098,0.4424,330 ,360,330,13:30:00,14:00:00,cluster_0
210,2,116.28122,39.972733,0.167725,0.2567,180 ,240,210,11:00:00,12:00:00,cluster_7
211,2,116.44973,39.97543,0.0104,0.0271,300 ,390,360,13:00:00,14:30:00,cluster_9
212,2,116.686195,39.889736,0.01324,0.0423,330 ,450,420,13:30:00,15:30:00,cluster_5
213,2,116.23617,40.06947,0.233843,0.4788,120 ,240,210,10:00:00,12:00:00,cluster_0
214,2,116.34954,39.918518,0.154315,0.2805,210 ,300,270,11:30:00,13:00:00,cluster_4
215,2,116.39642,40.128544,0.08,0.165,90 ,150,120,9:30:00,10:30:00,cluster_6
216,2,116.45956,39.73276,0.248,0.514,210 ,330,300,11:30:00,13:30:00,cluster_1
217,2,116.43366,39.86827,0.116,0.24,180 ,330,300,11:00:00,13:30:00,cluster_4
218,2,116.27278,39.74274,0.3484,0.7428,210 ,300,270,11:30:00,13:00:00,cluster_8
219,2,116.10997,39.966026,0.3084,0.4753,330 ,390,360,13:30:00,14:30:00,cluster_7
220,2,116.553986,39.80417,0.42552,0.7946,60 ,120,90,9:00:00,10:00:00,cluster_1
221,2,116.6276,40.045277,0.53058,1.1845,330 ,360,330,13:30:00,14:00:00,cluster_3
222,2,116.20831,39.873672,0.35206,0.5677,300 ,420,390,13:00:00,15:00:00,cluster_7
223,2,116.39314,39.88055,0.25584,0.4341,330 ,420,390,13:30:00,15:00:00,cluster_4
224,2,116.30127,39.969418,0.63314,0.901,60 ,120,90,9:00:00,10:00:00,cluster_7
225,2,116.19474,40.010094,0.2902,0.4687,120 ,240,210,10:00:00,12:00:00,cluster_0
226,2,116.33469,39.84867,0.2869,0.478,180 ,240,210,11:00:00,12:00:00,cluster_4
227,2,116.23311,39.99063,0.98664,1.5177,60 ,180,150,9:00:00,11:00:00,cluster_7
228,2,116.30839,40.07006,0.07752,0.2258,210 ,300,270,11:30:00,13:00:00,cluster_6
229,2,116.52815,39.847282,0.90402,1.4757,300 ,420,390,13:00:00,15:00:00,cluster_1
230,2,116.57686,39.814735,0.11838,0.2677,330 ,420,390,13:30:00,15:00:00,cluster_1
231,2,116.16946,40.03945,0.44918,0.8249,330 ,420,390,13:30:00,15:00:00,cluster_0
232,2,116.68525,39.876274,0.09202,0.2043,180 ,300,270,11:00:00,13:00:00,cluster_5
233,2,116.27557,39.790073,0.22008,0.3728,60 ,240,210,9:00:00,12:00:00,cluster_8
234,2,116.1719,40.024117,0.2695,0.6045,60 ,120,90,9:00:00,10:00:00,cluster_0
235,2,116.217186,40.14361,0.249,0.4469,300 ,450,420,13:00:00,15:30:00,cluster_0
236,2,116.32151,39.97115,0.53744,0.8847,210 ,330,300,11:30:00,13:30:00,cluster_9
237,2,116.50346,39.883934,1.52578,2.309,60 ,240,210,9:00:00,12:00:00,cluster_1
238,2,116.28678,39.96415,0.68506,1.0887,90 ,180,150,9:30:00,11:00:00,cluster_7
239,2,116.16956,40.047794,0.45786,0.6916,90 ,240,210,9:30:00,12:00:00,cluster_0
240,2,116.226456,39.724808,1.2838,2.3358,120 ,180,150,10:00:00,11:00:00,cluster_8
241,2,116.19024,39.943764,0.0284,0.0898,300 ,420,390,13:00:00,15:00:00,cluster_7
242,2,116.28057,39.98889,1.13966,1.7748,330 ,450,420,13:30:00,15:30:00,cluster_7
243,2,116.173294,39.86174,0.83622,1.2372,60 ,120,90,9:00:00,10:00:00,cluster_2
244,2,116.372826,40.087852,0.34886,0.6614,60 ,180,150,9:00:00,11:00:00,cluster_6
245,2,116.57064,40.089836,0.31402,0.4957,180 ,330,300,11:00:00,13:30:00,cluster_3
246,2,116.39423,39.853966,1.02788,1.5884,180 ,330,300,11:00:00,13:30:00,cluster_4
247,2,116.56906,40.066666,1.14354,1.8357,90 ,180,150,9:30:00,11:00:00,cluster_3
248,2,116.564064,39.883644,0.56518,0.9934,330 ,360,330,13:30:00,14:00:00,cluster_1
249,2,116.16663,39.7102,0.58736,0.9466,120 ,180,150,10:00:00,11:00:00,cluster_2
250,2,116.49849,39.85285,0.12896,0.2394,60 ,180,150,9:00:00,11:00:00,cluster_1
251,2,116.4245,39.976616,0.13083,1.45,90 ,150,120,9:30:00,10:30:00,cluster_9
252,2,116.201515,39.933704,0.2028,0.3875,300 ,420,390,13:00:00,15:00:00,cluster_7
253,2,116.4789,40.10159,1.1096,7.4506,180 ,240,210,11:00:00,12:00:00,cluster_3
254,2,116.5224,39.796204,0.200762,0.3948,90 ,240,210,9:30:00,12:00:00,cluster_1
255,2,116.52016,39.944702,0.33028,0.5786,210 ,330,300,11:30:00,13:30:00,cluster_9
256,2,116.43218,40.12499,0.4413,0.736,90 ,150,120,9:30:00,10:30:00,cluster_6
257,2,116.49482,39.790005,0.64066,1.1978,300 ,420,390,13:00:00,15:00:00,cluster_1
258,2,116.22405,40.03083,0.99912,1.6142,90 ,180,150,9:30:00,11:00:00,cluster_0
259,2,116.45022,39.914066,0.37852,0.9054,300 ,420,390,13:00:00,15:00:00,cluster_9
260,2,116.11189,39.968445,0.30788,0.6175,330 ,390,360,13:30:00,14:30:00,cluster_7
261,2,116.32726,40.10179,0.27358,0.5589,60 ,120,90,9:00:00,10:00:00,cluster_6
262,2,116.25722,40.08379,0.60722,0.953,120 ,180,150,10:00:00,11:00:00,cluster_0
263,2,116.467445,40.108074,0.01358,0.0584,210 ,300,270,11:30:00,13:00:00,cluster_3
264,2,116.54258,39.90268,0.42836,0.6541,180 ,330,300,11:00:00,13:30:00,cluster_1
265,2,116.33442,39.912876,0.04638,0.1238,300 ,450,420,13:00:00,15:30:00,cluster_4
266,2,116.38683,39.852654,0.1014,0.3298,90 ,180,150,9:30:00,11:00:00,cluster_4
267,2,116.14124,39.858154,0.94838,1.4799,180 ,300,270,11:00:00,13:00:00,cluster_2
268,2,116.14815,39.864063,1.22922,2.2785,180 ,240,210,11:00:00,12:00:00,cluster_2
269,2,116.65602,39.87572,0.14754,0.2168,330 ,420,390,13:30:00,15:00:00,cluster_5
270,2,116.18432,40.045307,1.05882,1.7261,330 ,360,330,13:30:00,14:00:00,cluster_0
271,2,116.5877,40.08934,0.24104,0.3442,120 ,180,150,10:00:00,11:00:00,cluster_3
272,2,116.414764,39.95005,1.6399,2.307,60 ,240,210,9:00:00,12:00:00,cluster_9
273,2,116.48277,39.971,0.14396,0.2614,90 ,180,150,9:30:00,11:00:00,cluster_9
274,2,116.20332,40.155186,0.30226,0.6249,330 ,420,390,13:30:00,15:00:00,cluster_0
275,2,116.37243,39.861984,0.04428,0.0736,180 ,240,210,11:00:00,12:00:00,cluster_4
276,2,116.506004,39.89894,0.53208,0.7957,330 ,450,420,13:30:00,15:30:00,cluster_1
277,2,116.52284,40.119736,0.46222,0.844,90 ,150,120,9:30:00,10:30:00,cluster_3
278,2,116.318054,40.13892,0.79668,1.3288,210 ,330,300,11:30:00,13:30:00,cluster_6
279,2,116.569244,39.939793,0.01008,0.0155,210 ,300,270,11:30:00,13:00:00,cluster_5
280,2,116.2056,39.98956,0.71386,1.2858,330 ,360,330,13:30:00,14:00:00,cluster_7
281,2,116.520325,39.780365,0.03248,0.0534,120 ,180,150,10:00:00,11:00:00,cluster_1
282,2,116.36081,39.90114,0.18336,0.3324,120 ,180,150,10:00:00,11:00:00,cluster_4
283,2,116.61475,39.843468,0.14778,0.4309,300 ,360,330,13:00:00,14:00:00,cluster_1
284,2,116.51026,39.858337,0.14376,0.318,180 ,240,210,11:00:00,12:00:00,cluster_1
285,2,116.24313,40.036373,0.48698,0.6686,210 ,300,270,11:30:00,13:00:00,cluster_0
286,2,116.17925,39.943783,0.13476,0.3356,180 ,300,270,11:00:00,13:00:00,cluster_7
287,2,116.26365,39.731655,1.5402,2.5964,330 ,450,420,13:30:00,15:30:00,cluster_8
288,2,116.5617,39.780617,1.40492,2.1777,90 ,150,120,9:30:00,10:30:00,cluster_1
289,2,116.44498,39.95558,0.4605,1.0361,300 ,420,390,13:00:00,15:00:00,cluster_9
290,2,116.35017,39.83976,1.6181,2.3341,180 ,330,300,11:00:00,13:30:00,cluster_4
291,2,116.43231,39.811974,0.62568,1.2917,90 ,150,120,9:30:00,10:30:00,cluster_1
292,2,116.38678,39.72272,0.53138,0.9201,210 ,330,300,11:30:00,13:30:00,cluster_8
293,2,116.604904,39.911583,0.32386,0.6175,300 ,450,420,13:00:00,15:30:00,cluster_5
294,2,116.37945,39.933067,0.23034,0.3384,90 ,150,120,9:30:00,10:30:00,cluster_9
295,2,116.40667,40.12816,0.37158,0.8335,330 ,450,420,13:30:00,15:30:00,cluster_6
296,2,116.336975,39.92329,1.95406,3.4996,120 ,240,210,10:00:00,12:00:00,cluster_4
297,2,116.44296,40.10938,0.19754,0.3674,330 ,360,330,13:30:00,14:00:00,cluster_6
298,2,116.395485,39.95723,0.25872,0.4925,300 ,450,420,13:00:00,15:30:00,cluster_9
299,2,116.24076,39.97297,0.02958,0.0828,330 ,390,360,13:30:00,14:30:00,cluster_7
300,2,116.14008,40.047928,0.24096,0.5065,180 ,330,300,11:00:00,13:30:00,cluster_0
301,2,116.26429,39.88313,0.39898,0.6086,300 ,390,360,13:00:00,14:30:00,cluster_7
302,2,116.10045,39.969105,0.026,0.0841,60 ,180,150,9:00:00,11:00:00,cluster_7
303,2,116.35872,40.008133,0.27638,0.4391,120 ,240,210,10:00:00,12:00:00,cluster_9
304,2,116.46293,39.826984,0.27382,0.4159,300 ,390,360,13:00:00,14:30:00,cluster_1
305,2,116.12472,39.801853,0.17436,0.3032,330 ,420,390,13:30:00,15:00:00,cluster_2
306,2,116.35721,40.14934,0.62094,1.0421,120 ,240,210,10:00:00,12:00:00,cluster_6
307,2,116.573875,39.79689,0.34668,0.881,300 ,420,390,13:00:00,15:00:00,cluster_1
308,2,116.3182,40.038273,0.1748,0.3024,180 ,330,300,11:00:00,13:30:00,cluster_6
309,2,116.41666,39.947643,0.87262,1.7074,300 ,450,420,13:00:00,15:30:00,cluster_9
310,2,116.360146,39.866543,0.21432,0.3194,90 ,240,210,9:30:00,12:00:00,cluster_4
311,2,116.2905,39.75294,0.99816,1.8708,330 ,420,390,13:30:00,15:00:00,cluster_8
312,2,116.129845,39.96296,0.51986,0.984,90 ,150,120,9:30:00,10:30:00,cluster_7
313,2,116.396286,39.963276,0.83118,1.4532,60 ,120,90,9:00:00,10:00:00,cluster_9
314,2,116.47309,39.92581,0.37924,0.8145,300 ,420,390,13:00:00,15:00:00,cluster_9
315,2,116.251976,40.10912,0.21758,0.5999,300 ,420,390,13:00:00,15:00:00,cluster_0
316,2,116.12116,39.83354,0.42048,0.7029,90 ,240,210,9:30:00,12:00:00,cluster_2
317,2,116.11662,39.768906,1.54626,2.204,300 ,420,390,13:00:00,15:00:00,cluster_2
318,2,116.37871,39.98557,0.36462,0.6038,210 ,300,270,11:30:00,13:00:00,cluster_9
319,2,116.51238,39.80921,0.49926,0.7679,210 ,330,300,11:30:00,13:30:00,cluster_1
320,2,116.233154,39.892296,0.3786,0.688,90 ,180,150,9:30:00,11:00:00,cluster_7
321,2,116.28282,39.78743,0.53764,0.7184,180 ,240,210,11:00:00,12:00:00,cluster_8
322,2,116.136894,39.708096,0.02826,0.0997,330 ,390,360,13:30:00,14:30:00,cluster_2
323,2,116.347206,39.74384,0.1473,0.2267,300 ,450,420,13:00:00,15:30:00,cluster_8
324,2,116.335,39.810204,0.1169,0.217,180 ,300,270,11:00:00,13:00:00,cluster_8
325,2,116.12716,39.833317,0.55948,1.0563,180 ,330,300,11:00:00,13:30:00,cluster_2
326,2,116.107185,39.758503,0.37158,0.6483,180 ,330,300,11:00:00,13:30:00,cluster_2
327,2,116.53171,40.10526,0.0888,0.1275,60 ,240,210,9:00:00,12:00:00,cluster_3
328,2,116.401344,39.89661,0.24374,0.3902,120 ,180,150,10:00:00,11:00:00,cluster_4
329,2,116.67779,39.95523,0.34806,0.622,90 ,180,150,9:30:00,11:00:00,cluster_5
330,2,116.33296,39.727837,0.51346,0.8333,330 ,360,330,13:30:00,14:00:00,cluster_8
331,2,116.13165,39.746487,0.06186,0.3615,210 ,330,300,11:30:00,13:30:00,cluster_2
332,2,116.26707,39.853043,0.29114,0.4485,60 ,180,150,9:00:00,11:00:00,cluster_4
333,2,116.14907,39.881027,0.18166,0.3318,210 ,300,270,11:30:00,13:00:00,cluster_7
334,2,116.40357,39.925312,0.2958,0.5314,60 ,180,150,9:00:00,11:00:00,cluster_9
335,2,116.61,39.924095,0.15204,0.3588,180 ,240,210,11:00:00,12:00:00,cluster_5
336,2,116.56843,39.98395,0.93352,1.6593,90 ,180,150,9:30:00,11:00:00,cluster_5
337,2,116.16396,40.057922,0.76428,1.2053,180 ,330,300,11:00:00,13:30:00,cluster_0
338,2,116.49768,39.878716,0.09196,0.2093,120 ,240,210,10:00:00,12:00:00,cluster_1
339,2,116.179535,39.742355,0.81876,1.2827,300 ,450,420,13:00:00,15:30:00,cluster_2
340,2,116.32215,39.77028,0.55592,0.8878,90 ,150,120,9:30:00,10:30:00,cluster_8
341,2,116.33236,39.881554,0.49298,0.7858,90 ,180,150,9:30:00,11:00:00,cluster_4
342,2,116.61298,40.0433,0.06304,0.1729,300 ,450,420,13:00:00,15:30:00,cluster_3
343,2,116.24323,40.03933,0.73346,1.4748,60 ,240,210,9:00:00,12:00:00,cluster_0
344,2,116.34673,40.0931,0.27962,0.5189,300 ,360,330,13:00:00,14:00:00,cluster_6
345,2,116.43523,39.885708,0.38512,0.6209,300 ,420,390,13:00:00,15:00:00,cluster_4
346,2,116.354454,39.975307,0.18146,0.588,330 ,450,420,13:30:00,15:30:00,cluster_9
347,2,116.19809,39.993187,0.02882,0.0973,60 ,180,150,9:00:00,11:00:00,cluster_7
348,2,116.18294,39.825714,0.45782,0.7366,210 ,300,270,11:30:00,13:00:00,cluster_2
349,2,116.599236,39.938824,1.4378,2.7187,120 ,240,210,10:00:00,12:00:00,cluster_5
350,2,116.25548,40.06571,0.61244,1.1503,180 ,330,300,11:00:00,13:30:00,cluster_0
351,2,116.55618,39.978443,1.21386,2.0523,180 ,240,210,11:00:00,12:00:00,cluster_5
352,2,116.48521,39.8268,0.01514,0.0535,330 ,360,330,13:30:00,14:00:00,cluster_1
353,2,116.34199,40.08011,0.92498,1.4561,180 ,300,270,11:00:00,13:00:00,cluster_6
354,2,116.6042,39.76222,0.26328,0.4148,180 ,240,210,11:00:00,12:00:00,cluster_1
355,2,116.34764,40.132114,0.08524,0.1432,120 ,180,150,10:00:00,11:00:00,cluster_6
356,2,116.53073,39.87014,0.06646,0.1037,330 ,420,390,13:30:00,15:00:00,cluster_1
357,2,116.53817,40.138912,0.42252,0.7675,120 ,180,150,10:00:00,11:00:00,cluster_3
358,2,116.18434,40.01381,1.13288,1.8114,120 ,240,210,10:00:00,12:00:00,cluster_0
359,2,116.22104,40.15586,1.7347,2.888,300 ,360,330,13:00:00,14:00:00,cluster_0
360,2,116.404205,39.871643,0.09974,0.1793,300 ,420,390,13:00:00,15:00:00,cluster_4
361,2,116.366554,40.087395,0.61094,1.0467,180 ,300,270,11:00:00,13:00:00,cluster_6
362,2,116.329895,39.992886,0.23654,0.405,330 ,360,330,13:30:00,14:00:00,cluster_9
363,2,116.15861,39.98889,0.03468,0.1495,180 ,330,300,11:00:00,13:30:00,cluster_7
364,2,116.35085,39.946865,0.56804,1.0137,90 ,150,120,9:30:00,10:30:00,cluster_9
365,2,116.66211,40.002567,1.31804,2.1146,210 ,300,270,11:30:00,13:00:00,cluster_5
366,2,116.42981,39.940006,0.63722,1.0845,120 ,180,150,10:00:00,11:00:00,cluster_9
367,2,116.30112,39.875275,0.21466,0.3682,330 ,360,330,13:30:00,14:00:00,cluster_4
368,2,116.49826,40.13777,0.55876,0.956,60 ,120,90,9:00:00,10:00:00,cluster_3
369,2,116.585625,39.98942,0.3671,0.7404,90 ,180,150,9:30:00,11:00:00,cluster_5
370,2,116.40123,40.041077,0.14268,0.2194,90 ,180,150,9:30:00,11:00:00,cluster_6
371,2,116.17892,40.097004,0.70432,1.3673,330 ,450,420,13:30:00,15:30:00,cluster_0
372,2,116.249245,39.915974,0.47982,0.8208,330 ,390,360,13:30:00,14:30:00,cluster_7
373,2,116.12173,39.757275,0.44456,0.6963,300 ,390,360,13:00:00,14:30:00,cluster_2
374,2,116.180626,39.734352,0.68612,1.1114,60 ,120,90,9:00:00,10:00:00,cluster_2
375,2,116.1635,39.990753,0.18542,0.3804,300 ,450,420,13:00:00,15:30:00,cluster_7
376,2,116.277794,39.719803,0.63878,1.0059,180 ,330,300,11:00:00,13:30:00,cluster_8
377,2,116.142654,39.753464,0.37128,0.5801,180 ,240,210,11:00:00,12:00:00,cluster_2
378,2,116.21049,39.98996,0.34188,0.5727,300 ,390,360,13:00:00,14:30:00,cluster_7
379,2,116.29779,40.03148,0.23382,0.4613,120 ,180,150,10:00:00,11:00:00,cluster_0
380,2,116.47739,39.83991,0.62932,1.092,210 ,330,300,11:30:00,13:30:00,cluster_1
381,2,116.53917,40.133488,0.1174,0.2353,330 ,360,330,13:30:00,14:00:00,cluster_3
382,2,116.333466,39.97382,0.3542,0.5429,330 ,360,330,13:30:00,14:00:00,cluster_9
383,2,116.6652,39.99502,0.2205,0.4668,300 ,420,390,13:00:00,15:00:00,cluster_5
384,2,116.35139,39.967957,0.43428,0.7279,90 ,150,120,9:30:00,10:30:00,cluster_9
385,2,116.498055,40.06218,0.02496,0.03,120 ,180,150,10:00:00,11:00:00,cluster_3
386,2,116.33133,40.04859,0.02736,0.1189,330 ,420,390,13:30:00,15:00:00,cluster_6
387,2,116.1819,39.827877,0.9337,1.7232,90 ,240,210,9:30:00,12:00:00,cluster_2
388,2,116.256905,40.110497,0.05242,0.1159,60 ,240,210,9:00:00,12:00:00,cluster_0
389,2,116.66117,39.863132,0.0857,0.1784,90 ,240,210,9:30:00,12:00:00,cluster_5
390,2,116.180244,40.057365,0.3879,0.7503,60 ,240,210,9:00:00,12:00:00,cluster_0
391,2,116.459885,39.794025,0.68066,1.3043,210 ,330,300,11:30:00,13:30:00,cluster_1
392,2,116.47252,39.93393,0.19272,0.4081,120 ,240,210,10:00:00,12:00:00,cluster_9
393,2,116.27637,39.840244,0.16038,0.4503,180 ,300,270,11:00:00,13:00:00,cluster_4
394,2,116.69044,39.899387,0.08048,0.2328,60 ,120,90,9:00:00,10:00:00,cluster_5
395,2,116.222984,40.101677,0.45934,0.7387,330 ,450,420,13:30:00,15:30:00,cluster_0
396,2,116.38136,39.891945,0.11216,0.2803,210 ,300,270,11:30:00,13:00:00,cluster_4
397,2,116.677246,39.886204,0.30934,0.4815,300 ,420,390,13:00:00,15:00:00,cluster_5
398,2,116.34984,39.748802,0.12544,0.2661,330 ,390,360,13:30:00,14:30:00,cluster_8
399,2,116.39528,39.867676,0.1464,0.2272,120 ,240,210,10:00:00,12:00:00,cluster_4
400,2,116.49091,39.84333,0.19098,0.3131,90 ,240,210,9:30:00,12:00:00,cluster_1
401,2,116.53476,39.842327,0.08352,0.1354,300 ,420,390,13:00:00,15:00:00,cluster_1
402,2,116.43321,40.035667,0.01,0.0182,90 ,240,210,9:30:00,12:00:00,cluster_9
403,2,116.1508,39.95349,0.2513,0.4956,90 ,150,120,9:30:00,10:30:00,cluster_7
404,2,116.56219,40.038597,0.93376,1.4915,90 ,180,150,9:30:00,11:00:00,cluster_3
405,2,116.17525,40.036377,0.2535,0.4641,60 ,240,210,9:00:00,12:00:00,cluster_0
406,2,116.31634,39.93255,0.20894,0.34,300 ,360,330,13:00:00,14:00:00,cluster_4
407,2,116.649155,40.060932,0.02224,0.0584,120 ,180,150,10:00:00,11:00:00,cluster_3
408,2,116.5491,39.82178,0.29046,0.4789,90 ,180,150,9:30:00,11:00:00,cluster_1
409,2,116.35315,39.9638,0.14242,0.2079,90 ,150,120,9:30:00,10:30:00,cluster_9
410,2,116.34643,39.84595,0.14204,0.3475,60 ,240,210,9:00:00,12:00:00,cluster_4
411,2,116.55905,40.021145,0.4531,0.8275,120 ,180,150,10:00:00,11:00:00,cluster_3
412,2,116.283195,39.914513,0.0681,0.172,330 ,450,420,13:30:00,15:30:00,cluster_7
413,2,116.35719,39.90534,0.63968,1.2843,90 ,240,210,9:30:00,12:00:00,cluster_4
414,2,116.58925,40.077232,0.14996,0.2332,210 ,300,270,11:30:00,13:00:00,cluster_3
415,2,116.37141,40.03632,0.16444,0.2704,300 ,450,420,13:00:00,15:30:00,cluster_6
416,2,116.274666,39.962032,0.05912,0.1088,120 ,180,150,10:00:00,11:00:00,cluster_7
417,2,116.43998,39.93129,0.39832,0.6243,300 ,360,330,13:00:00,14:00:00,cluster_9
418,2,116.37209,39.73692,0.22868,0.3277,180 ,330,300,11:00:00,13:30:00,cluster_8
419,2,116.52397,40.030174,0.24745,1.8008,90 ,240,210,9:30:00,12:00:00,cluster_3
420,2,116.28399,39.73103,0.048,0.0792,90 ,180,150,9:30:00,11:00:00,cluster_8
421,2,116.17989,40.083466,0.173841,0.3197,180 ,240,210,11:00:00,12:00:00,cluster_0
422,2,116.1301,39.962467,0.19588,0.4018,90 ,150,120,9:30:00,10:30:00,cluster_7
423,2,116.480965,39.799026,0.01957,0.0268,180 ,330,300,11:00:00,13:30:00,cluster_1
424,2,116.17654,40.07392,1.14672,1.9047,120 ,180,150,10:00:00,11:00:00,cluster_0
425,2,116.33753,39.72473,0.1691,0.2946,180 ,240,210,11:00:00,12:00:00,cluster_8
426,2,116.61366,40.01685,1.02551,1.5584,90 ,240,210,9:30:00,12:00:00,cluster_5
427,2,116.32052,40.084133,0.167806,0.3168,210 ,330,300,11:30:00,13:30:00,cluster_6
428,2,116.46406,39.758446,0.18507,0.4684,90 ,240,210,9:30:00,12:00:00,cluster_1
429,2,116.46329,39.976658,0.151403,0.2689,90 ,180,150,9:30:00,11:00:00,cluster_9
430,2,116.41162,39.904003,0.17732,0.3441,90 ,240,210,9:30:00,12:00:00,cluster_4
431,2,116.29973,40.138874,0.0973,0.4035,330 ,420,390,13:30:00,15:00:00,cluster_6
432,2,116.22141,39.73475,0.271326,0.7891,210 ,300,270,11:30:00,13:00:00,cluster_2
433,2,116.27815,39.97544,0.244913,0.4047,300 ,450,420,13:00:00,15:30:00,cluster_7
434,2,116.35463,39.87759,0.247967,0.4008,330 ,450,420,13:30:00,15:30:00,cluster_4
435,2,116.32521,39.785366,0.16859,0.286,210 ,330,300,11:30:00,13:30:00,cluster_8
436,2,116.37111,39.84098,0.072,0.6043,300 ,450,420,13:00:00,15:30:00,cluster_4
437,2,116.40997,39.834377,0.246,2.0252,180 ,300,270,11:00:00,13:00:00,cluster_4
438,2,116.37954,39.890774,0.1026,0.8663,300 ,390,360,13:00:00,14:30:00,cluster_4
439,2,116.26876,40.08722,0.0822,0.6728,330 ,420,390,13:30:00,15:00:00,cluster_0
440,2,116.46084,39.761368,0.17578,0.2948,210 ,330,300,11:30:00,13:30:00,cluster_1
441,2,116.66136,39.88192,0.186209,0.3568,120 ,180,150,10:00:00,11:00:00,cluster_5
442,2,116.520256,39.753418,0.01968,0.0194,180 ,240,210,11:00:00,12:00:00,cluster_1
443,2,116.33624,40.06843,0.174864,0.5003,210 ,330,300,11:30:00,13:30:00,cluster_6
444,2,116.299194,40.147446,0.15803,0.287,90 ,180,150,9:30:00,11:00:00,cluster_6
445,2,116.19462,39.79699,0.2025,2.6265,180 ,240,210,11:00:00,12:00:00,cluster_2
446,2,116.675735,39.900463,0.3688,0.577,60 ,240,210,9:00:00,12:00:00,cluster_5
447,2,116.629524,39.97404,0.22071,0.3751,210 ,330,300,11:30:00,13:30:00,cluster_5
448,2,116.14182,39.770382,0.22148,0.3468,60 ,240,210,9:00:00,12:00:00,cluster_2
449,2,116.23338,39.903625,0.235425,0.3893,60 ,120,90,9:00:00,10:00:00,cluster_7
450,2,116.37149,40.010147,0.174095,0.2023,180 ,240,210,11:00:00,12:00:00,cluster_9
451,2,116.204735,39.90215,0.152258,0.2995,330 ,390,360,13:30:00,14:30:00,cluster_7
452,2,116.22719,40.029366,0.15493,0.313,90 ,240,210,9:30:00,12:00:00,cluster_0
453,2,116.69243,39.976357,0.18408,0.3315,60 ,180,150,9:00:00,11:00:00,cluster_5
454,2,116.61205,39.834812,0.2036,0.3671,210 ,330,300,11:30:00,13:30:00,cluster_1
455,2,116.5391,39.9708,0.261575,0.5859,300 ,360,330,13:00:00,14:00:00,cluster_5
456,2,116.538826,39.958466,0.180245,0.3471,60 ,120,90,9:00:00,10:00:00,cluster_5
457,2,116.29013,39.841434,0.138,1.0794,300 ,360,330,13:00:00,14:00:00,cluster_4
458,2,116.27185,39.844578,0.17466,0.3058,60 ,180,150,9:00:00,11:00:00,cluster_4
459,2,116.59742,39.82936,0.15849,0.2766,210 ,300,270,11:30:00,13:00:00,cluster_1
460,2,116.21382,39.89655,0.01068,0.0122,60 ,180,150,9:00:00,11:00:00,cluster_7
461,2,116.333305,39.978626,0.1074,0.4501,300 ,420,390,13:00:00,15:00:00,cluster_9
462,2,116.60789,39.841755,0.11576,0.4685,60 ,180,150,9:00:00,11:00:00,cluster_1
463,2,116.61554,39.79827,0.427,0.6553,90 ,240,210,9:30:00,12:00:00,cluster_1
464,2,116.37329,40.037334,0.174964,0.2683,90 ,240,210,9:30:00,12:00:00,cluster_6
465,2,116.37892,39.944336,0.74092,0.8807,210 ,330,300,11:30:00,13:30:00,cluster_9
466,2,116.42451,39.977627,0.2936,3.8229,90 ,240,210,9:30:00,12:00:00,cluster_9
467,2,116.35796,39.95418,0.185,0.3252,90 ,240,210,9:30:00,12:00:00,cluster_9
468,2,116.47912,39.8536,0.175875,0.5354,180 ,330,300,11:00:00,13:30:00,cluster_1
469,2,116.20582,40.106926,0.157195,0.3262,300 ,360,330,13:00:00,14:00:00,cluster_0
470,2,116.447044,39.866848,0.159406,0.2642,210 ,330,300,11:30:00,13:30:00,cluster_4
471,2,116.250404,39.76943,0.22959,0.397,300 ,450,420,13:00:00,15:30:00,cluster_8
472,2,116.57998,39.95719,0.238699,0.582,300 ,420,390,13:00:00,15:00:00,cluster_5
473,2,116.6068,39.893963,0.298224,0.4553,60 ,240,210,9:00:00,12:00:00,cluster_5
474,2,116.16745,40.149387,0.153685,0.2652,90 ,150,120,9:30:00,10:30:00,cluster_0
475,2,116.54769,39.87147,0.145995,0.2013,300 ,450,420,13:00:00,15:30:00,cluster_1
476,2,116.48702,39.834763,0.158275,0.2426,330 ,390,360,13:30:00,14:30:00,cluster_1
477,2,116.45271,39.869057,0.1074,0.4501,300 ,420,390,13:00:00,15:00:00,cluster_1
478,2,116.56996,39.876404,0.599,0.9073,90 ,180,150,9:30:00,11:00:00,cluster_1
479,2,116.35607,39.889633,0.2544,0.237,330 ,390,360,13:30:00,14:30:00,cluster_4
480,2,116.320786,39.856667,0.5088,0.474,330 ,450,420,13:30:00,15:30:00,cluster_4
481,2,116.359726,39.889633,1.0176,0.948,330 ,390,360,13:30:00,14:30:00,cluster_4
482,2,116.33008,40.01409,0.01008,0.0407,120 ,180,150,10:00:00,11:00:00,cluster_9
483,2,116.27759,40.02885,0.02625,0.0541,90 ,150,120,9:30:00,10:30:00,cluster_0
484,2,116.45986,39.978054,0.03922,0.0609,180 ,240,210,11:00:00,12:00:00,cluster_9
485,2,116.323,39.840843,0.0579,0.0908,180 ,300,270,11:00:00,13:00:00,cluster_4
486,2,116.18672,39.939693,0.414,3.2382,210 ,300,270,11:30:00,13:00:00,cluster_7
487,2,116.227554,40.06946,0.5136,0.5362,60 ,120,90,9:00:00,10:00:00,cluster_0
488,2,116.2472,39.87279,0.03,0.0618,120 ,240,210,10:00:00,12:00:00,cluster_7
489,2,116.45832,39.761505,0.1892,0.3807,180 ,240,210,11:00:00,12:00:00,cluster_1
490,2,116.27853,39.767982,0.0384,0.0468,300 ,450,420,13:00:00,15:30:00,cluster_8
491,2,116.25587,39.981403,0.0696,0.6805,330 ,450,420,13:30:00,15:30:00,cluster_7
492,2,116.36853,39.900795,0.1744,1.4556,90 ,240,210,9:30:00,12:00:00,cluster_4
493,2,116.38839,39.942543,0.0105,0.893,180 ,300,270,11:00:00,13:00:00,cluster_9
494,2,116.29464,39.725807,0.0824,0.7312,300 ,420,390,13:00:00,15:00:00,cluster_8
495,2,116.66776,39.89262,0.01327,0.0815,210 ,330,300,11:30:00,13:30:00,cluster_5
496,2,116.31555,39.877354,0.2256,0.3534,300 ,360,330,13:00:00,14:00:00,cluster_4
497,2,116.56062,40.008625,0.20049,0.3726,60 ,120,90,9:00:00,10:00:00,cluster_3
498,2,116.55192,40.135372,0.186368,0.3281,120 ,240,210,10:00:00,12:00:00,cluster_3
499,2,116.123276,39.70188,0.04024,0.0658,330 ,420,390,13:30:00,15:00:00,cluster_2
500,2,116.213295,40.10056,0.0503,0.0822,60 ,180,150,9:00:00,11:00:00,cluster_0
501,2,116.51717,39.848766,0.21385,0.3243,90 ,150,120,9:30:00,10:30:00,cluster_1
502,2,116.405464,39.980625,0.08292,0.1101,90 ,150,120,9:30:00,10:30:00,cluster_9
503,2,116.55406,40.13139,0.04218,0.3401,300 ,450,420,13:00:00,15:30:00,cluster_3
504,2,116.52678,39.748573,0.04623,0.19,330 ,450,420,13:30:00,15:30:00,cluster_1
505,2,116.57792,40.116047,0.12599,0.2188,330 ,390,360,13:30:00,14:30:00,cluster_3
506,2,116.42224,40.05298,0.01134,0.069,330 ,420,390,13:30:00,15:00:00,cluster_6
507,2,116.26929,39.982574,0.011658,0.0233,90 ,180,150,9:30:00,11:00:00,cluster_7
508,2,116.41476,39.848026,0.012,0.0778,330 ,420,390,13:30:00,15:00:00,cluster_4
509,2,116.35362,39.894466,0.0831,0.1781,330 ,420,390,13:30:00,15:00:00,cluster_4
510,2,116.52916,39.873234,0.010275,0.1469,300 ,390,360,13:00:00,14:30:00,cluster_1
511,2,116.364746,39.725876,0.01923,0.0528,120 ,180,150,10:00:00,11:00:00,cluster_8
512,2,116.703835,39.888275,0.22615,0.3522,300 ,420,390,13:00:00,15:00:00,cluster_5
513,2,116.61701,39.956093,0.340275,0.568,300 ,390,360,13:00:00,14:30:00,cluster_5
514,2,116.607254,40.112694,0.223551,0.5138,90 ,150,120,9:30:00,10:30:00,cluster_3
515,2,116.25331,39.72135,0.01044,0.0943,300 ,390,360,13:00:00,14:30:00,cluster_8
516,2,116.69066,39.97321,0.17451,0.3934,330 ,450,420,13:30:00,15:30:00,cluster_5
517,2,116.183876,39.923958,0.208889,0.3838,120 ,240,210,10:00:00,12:00:00,cluster_7
518,2,116.56268,39.98753,0.20203,0.3668,60 ,120,90,9:00:00,10:00:00,cluster_5
519,2,116.201904,40.024807,0.15078,0.3806,210 ,300,270,11:30:00,13:00:00,cluster_0
520,2,116.5577,39.779934,0.17149,0.3503,330 ,420,390,13:30:00,15:00:00,cluster_1
521,2,116.23978,40.082542,0.0256,0.0476,330 ,360,330,13:30:00,14:00:00,cluster_0
522,2,116.1408,39.701893,0.1879,0.2903,90 ,240,210,9:30:00,12:00:00,cluster_2
523,2,116.208916,39.842472,0.18443,0.5565,210 ,300,270,11:30:00,13:00:00,cluster_2
524,2,116.55736,39.93937,0.1708,0.2606,180 ,300,270,11:00:00,13:00:00,cluster_5
525,2,116.49857,39.83701,0.188865,0.286,300 ,450,420,13:00:00,15:30:00,cluster_1
526,2,116.166626,39.723614,0.140295,0.2748,300 ,360,330,13:00:00,14:00:00,cluster_2
527,2,116.2173,40.11996,0.17715,0.3008,300 ,360,330,13:00:00,14:00:00,cluster_0
528,2,116.363815,40.08726,0.01536,0.0285,120 ,240,210,10:00:00,12:00:00,cluster_6
529,2,116.59762,39.927116,0.162823,0.2854,90 ,150,120,9:30:00,10:30:00,cluster_5
530,2,116.19678,39.79623,0.125475,0.4302,330 ,390,360,13:30:00,14:30:00,cluster_2
531,2,116.45581,39.871338,0.406132,0.7118,120 ,240,210,10:00:00,12:00:00,cluster_1
532,2,116.467674,39.794838,0.250241,0.5637,180 ,330,300,11:00:00,13:30:00,cluster_1
533,2,116.30029,40.08985,0.455088,0.7071,90 ,240,210,9:30:00,12:00:00,cluster_6
534,2,116.24039,39.850044,0.28866,0.4392,60 ,120,90,9:00:00,10:00:00,cluster_2
535,2,116.54185,39.835484,0.163,0.2861,330 ,450,420,13:30:00,15:30:00,cluster_1
536,2,116.23713,39.83504,0.192575,0.3859,330 ,420,390,13:30:00,15:00:00,cluster_2
537,2,116.14995,40.05239,0.219294,0.3446,180 ,330,300,11:00:00,13:30:00,cluster_0
538,2,116.68506,39.892467,0.1879,0.2903,60 ,240,210,9:00:00,12:00:00,cluster_5
539,2,116.59936,39.8189,0.11566,0.1991,60 ,240,210,9:00:00,12:00:00,cluster_1
540,2,116.14459,40.074696,0.16532,0.3102,120 ,180,150,10:00:00,11:00:00,cluster_0
541,2,116.51518,39.902973,0.28505,0.5185,120 ,180,150,10:00:00,11:00:00,cluster_1
542,2,116.41493,39.838932,0.025175,0.0426,90 ,150,120,9:30:00,10:30:00,cluster_4
543,2,116.44237,39.834064,0.172425,0.2499,90 ,240,210,9:30:00,12:00:00,cluster_1
544,2,116.47487,39.817425,0.150538,0.2755,210 ,330,300,11:30:00,13:30:00,cluster_1
545,2,116.63217,39.99054,0.211634,0.4313,300 ,450,420,13:00:00,15:30:00,cluster_5
546,2,116.683975,39.990086,0.0128,0.0194,330 ,360,330,13:30:00,14:00:00,cluster_5
547,2,116.19208,40.02632,0.180455,0.318,330 ,420,390,13:30:00,15:00:00,cluster_0
548,2,116.56279,40.135136,0.219095,0.3608,210 ,300,270,11:30:00,13:00:00,cluster_3
549,2,116.17421,39.936016,0.155294,0.3518,180 ,240,210,11:00:00,12:00:00,cluster_7
550,2,116.53407,39.91682,0.29165,0.4525,330 ,360,330,13:30:00,14:00:00,cluster_5
551,2,116.21617,40.09063,0.1116,0.1501,330 ,420,390,13:30:00,15:00:00,cluster_0
552,2,116.17833,39.92766,0.0517,0.1002,300 ,360,330,13:00:00,14:00:00,cluster_7
553,2,116.57404,39.788612,0.04536,0.0693,60 ,180,150,9:00:00,11:00:00,cluster_1
554,2,116.28019,39.694927,0.01416,0.0151,90 ,240,210,9:30:00,12:00:00,cluster_8
555,2,116.217125,39.736202,0.041784,0.0895,120 ,240,210,10:00:00,12:00:00,cluster_2
556,2,116.108604,39.76906,0.095,0.1545,330 ,390,360,13:30:00,14:30:00,cluster_2
557,2,116.338806,39.716026,0.08786,0.7108,330 ,360,330,13:30:00,14:00:00,cluster_8
558,2,116.47001,40.04601,0.015,0.1883,300 ,390,360,13:00:00,14:30:00,cluster_3
559,2,116.215004,39.70838,0.09765,0.1495,90 ,180,150,9:30:00,11:00:00,cluster_2
560,2,116.3729,40.099174,0.03154,0.1059,300 ,360,330,13:00:00,14:00:00,cluster_6
561,2,116.5476,39.819057,0.10061,0.1437,330 ,360,330,13:30:00,14:00:00,cluster_1
562,2,116.38244,39.8501,0.045228,0.0831,60 ,180,150,9:00:00,11:00:00,cluster_4
563,2,116.48056,39.91102,0.12605,0.1969,210 ,330,300,11:30:00,13:30:00,cluster_9
564,2,116.6317,39.99133,0.0173,0.0284,60 ,120,90,9:00:00,10:00:00,cluster_5
565,2,116.548134,39.889305,0.06062,0.0909,60 ,120,90,9:00:00,10:00:00,cluster_1
566,2,116.15502,39.840977,0.77438,1.24,180 ,240,210,11:00:00,12:00:00,cluster_2
567,2,116.36884,40.09009,0.03376,0.0572,120 ,240,210,10:00:00,12:00:00,cluster_6
568,2,116.4477,39.92219,0.037,0.244,330 ,360,330,13:30:00,14:00:00,cluster_9
569,2,116.1194,39.83257,0.04,0.271,300 ,360,330,13:00:00,14:00:00,cluster_2
570,2,116.53407,39.8734,0.528,3.8841,210 ,330,300,11:30:00,13:30:00,cluster_1
571,2,116.32349,39.90238,0.0252,0.0654,210 ,300,270,11:30:00,13:00:00,cluster_4
572,2,116.22096,40.118893,0.0126,0.028,300 ,390,360,13:00:00,14:30:00,cluster_0
573,2,116.27184,39.90755,0.015,0.0717,120 ,240,210,10:00:00,12:00:00,cluster_7
574,2,116.53151,40.018803,0.011,0.2,90 ,180,150,9:30:00,11:00:00,cluster_3
575,2,116.23871,40.06544,0.029,0.2,60 ,180,150,9:00:00,11:00:00,cluster_0
576,2,116.55452,39.9847,0.22914,2.2843,330 ,390,360,13:30:00,14:30:00,cluster_5
577,2,116.52767,39.80586,0.0345,0.1875,90 ,180,150,9:30:00,11:00:00,cluster_1
578,2,116.67339,40.003407,0.039,0.4018,90 ,240,210,9:30:00,12:00:00,cluster_5
579,2,116.417366,40.14265,0.0264,0.5867,300 ,450,420,13:00:00,15:30:00,cluster_6
580,2,116.67789,39.875923,0.03242,0.3178,90 ,240,210,9:30:00,12:00:00,cluster_5
581,2,116.36361,39.882473,0.08032,0.1682,300 ,390,360,13:00:00,14:30:00,cluster_4
582,2,116.46074,40.024666,0.0695,0.4242,90 ,240,210,9:30:00,12:00:00,cluster_9
583,2,116.15411,40.06367,0.0298,0.1351,180 ,240,210,11:00:00,12:00:00,cluster_0
584,2,116.17822,40.06958,0.07233,0.5148,330 ,390,360,13:30:00,14:30:00,cluster_0
585,2,116.21604,40.01226,0.01275,0.0707,300 ,450,420,13:00:00,15:30:00,cluster_0
586,2,116.33657,39.71042,0.10615,1.4726,210 ,330,300,11:30:00,13:30:00,cluster_8
587,2,116.4244,39.993515,0.06177,0.5102,330 ,420,390,13:30:00,15:00:00,cluster_9
588,2,116.4177,40.02688,0.05246,0.064,330 ,390,360,13:30:00,14:30:00,cluster_9
589,2,116.33182,40.16755,0.0498,0.5142,180 ,330,300,11:00:00,13:30:00,cluster_6
590,2,116.63716,39.85072,0.0396,0.0639,330 ,420,390,13:30:00,15:00:00,cluster_1
591,2,116.5309,39.757893,0.3545,2.9843,330 ,390,360,13:30:00,14:30:00,cluster_1
592,2,116.23139,40.042297,0.15039,0.2501,120 ,180,150,10:00:00,11:00:00,cluster_0
593,2,116.548935,39.85713,0.03824,0.0727,60 ,240,210,9:00:00,12:00:00,cluster_1
594,2,116.218796,40.06287,0.2565,0.8893,300 ,420,390,13:00:00,15:00:00,cluster_0
595,2,116.42154,39.98793,0.0307,0.0509,300 ,450,420,13:00:00,15:30:00,cluster_9
596,2,116.35353,39.932022,0.7628,1.1438,90 ,150,120,9:30:00,10:30:00,cluster_4
597,2,116.191055,39.936737,0.017,0.1447,90 ,180,150,9:30:00,11:00:00,cluster_7
598,2,116.10704,39.76791,0.10978,0.167,90 ,240,210,9:30:00,12:00:00,cluster_2
599,2,116.18569,39.99763,0.032525,0.0489,300 ,360,330,13:00:00,14:00:00,cluster_7
600,2,116.39837,39.774216,0.5116,0.7941,300 ,450,420,13:00:00,15:30:00,cluster_8
601,2,116.28068,39.721302,0.0226,0.1332,210 ,330,300,11:30:00,13:30:00,cluster_8
602,2,116.52114,39.853886,0.066276,0.9147,180 ,240,210,11:00:00,12:00:00,cluster_1
603,2,116.62545,39.92294,0.0142,0.0995,90 ,150,120,9:30:00,10:30:00,cluster_5
604,2,116.64886,39.98607,0.03463,0.0817,330 ,390,360,13:30:00,14:30:00,cluster_5
605,2,116.56712,39.84286,0.048706,0.0817,60 ,120,90,9:00:00,10:00:00,cluster_1
606,2,116.41058,39.82814,0.02022,0.1782,60 ,120,90,9:00:00,10:00:00,cluster_4
607,2,116.6169,40.04546,0.02184,0.4118,330 ,450,420,13:30:00,15:30:00,cluster_3
608,2,116.61897,39.95244,1.29042,12.864,180 ,300,270,11:00:00,13:00:00,cluster_5
609,2,116.60018,39.909412,0.07633,0.45,90 ,240,210,9:30:00,12:00:00,cluster_5
610,2,116.52267,39.994823,0.056288,0.3383,90 ,150,120,9:30:00,10:30:00,cluster_3
611,2,116.51488,39.951374,0.931592,1.4919,210 ,300,270,11:30:00,13:00:00,cluster_9
612,2,116.58966,39.807274,0.0264,0.0502,330 ,360,330,13:30:00,14:00:00,cluster_1
613,2,116.237755,39.858795,0.53755,0.8366,90 ,240,210,9:30:00,12:00:00,cluster_7
614,2,116.1103,40.005505,0.04374,0.0652,210 ,300,270,11:30:00,13:00:00,cluster_0
615,2,116.52471,40.101265,0.152835,0.23,60 ,240,210,9:00:00,12:00:00,cluster_3
616,2,116.54789,39.779556,0.44925,0.6805,180 ,300,270,11:00:00,13:00:00,cluster_1
617,2,116.530174,40.137806,0.2253,0.5682,300 ,450,420,13:00:00,15:30:00,cluster_3
618,2,116.160706,39.874218,1.69446,4.7239,180 ,330,300,11:00:00,13:30:00,cluster_7
619,2,116.515175,40.096172,0.13518,0.3409,300 ,450,420,13:00:00,15:30:00,cluster_3
620,2,116.15785,40.04668,0.375255,0.6037,330 ,450,420,13:30:00,15:30:00,cluster_0
621,2,116.54549,40.047997,0.64689,1.0154,210 ,300,270,11:30:00,13:00:00,cluster_3
622,2,116.27132,39.88365,0.3504,0.493,60 ,240,210,9:00:00,12:00:00,cluster_4
623,2,116.20699,39.96299,0.02328,0.0345,90 ,240,210,9:30:00,12:00:00,cluster_7
624,2,116.248085,39.69357,0.1854,0.2587,300 ,420,390,13:00:00,15:00:00,cluster_8
625,2,116.32036,39.976257,0.072,0.6306,60 ,120,90,9:00:00,10:00:00,cluster_9
626,2,116.23414,39.90196,1.155125,1.8828,300 ,450,420,13:00:00,15:30:00,cluster_7
627,2,116.658806,40.036407,0.5888,0.8695,60 ,240,210,9:00:00,12:00:00,cluster_5
628,2,116.45352,39.968758,0.10808,0.1785,180 ,330,300,11:00:00,13:30:00,cluster_9
629,2,116.26263,40.04166,0.573546,0.8964,300 ,450,420,13:00:00,15:30:00,cluster_0
630,2,116.33984,39.887722,0.174964,0.2683,330 ,450,420,13:30:00,15:30:00,cluster_4
631,2,116.32985,40.07124,0.0134,0.0697,60 ,180,150,9:00:00,11:00:00,cluster_6
632,2,116.354614,40.048023,0.12,0.25,300 ,420,390,13:00:00,15:00:00,cluster_6
633,2,116.37667,40.141155,0.136,0.282,210 ,330,300,11:30:00,13:30:00,cluster_6
634,2,116.1943,39.83445,0.168,0.33,90 ,150,120,9:30:00,10:30:00,cluster_2
635,2,116.36623,40.039757,0.0783,0.6541,60 ,240,210,9:00:00,12:00:00,cluster_6
636,2,116.402466,40.05774,0.111,0.9942,60 ,240,210,9:00:00,12:00:00,cluster_6
637,2,116.24651,40.082535,0.3726,1.0996,60 ,240,210,9:00:00,12:00:00,cluster_0
638,2,116.16748,39.787125,0.58374,1.7227,330 ,420,390,13:30:00,15:00:00,cluster_2
639,2,116.326485,40.0488,0.3726,1.0996,330 ,390,360,13:30:00,14:30:00,cluster_6
640,2,116.32777,39.720528,0.3726,1.0996,60 ,120,90,9:00:00,10:00:00,cluster_8
641,2,116.47581,39.847767,0.2484,0.733,300 ,360,330,13:00:00,14:00:00,cluster_1
642,2,116.5579,40.06864,0.2484,0.733,120 ,240,210,10:00:00,12:00:00,cluster_3
643,2,116.16609,39.866425,1.91268,5.6444,90 ,180,150,9:30:00,11:00:00,cluster_2
644,2,116.636284,39.964073,0.1801,0.2778,90 ,180,150,9:30:00,11:00:00,cluster_5
645,2,116.55863,39.75517,1.3506,3.6595,90 ,150,120,9:30:00,10:30:00,cluster_1
646,2,116.45458,39.919342,0.76792,2.0873,60 ,120,90,9:00:00,10:00:00,cluster_9
647,2,116.508995,39.955925,0.0182,0.082,210 ,300,270,11:30:00,13:00:00,cluster_9
648,2,116.343475,39.829586,0.05424,0.2722,210 ,300,270,11:30:00,13:00:00,cluster_4
649,2,116.247025,39.988247,0.01152,0.0692,90 ,240,210,9:30:00,12:00:00,cluster_7
650,2,116.40504,39.741623,0.04656,0.2839,330 ,390,360,13:30:00,14:30:00,cluster_8
651,2,116.4851,40.1291,0.01746,0.0607,180 ,300,270,11:00:00,13:00:00,cluster_3
652,2,116.56091,39.750603,0.81072,2.9798,330 ,420,390,13:30:00,15:00:00,cluster_1
653,2,116.16564,39.766956,1.07538,6.2689,60 ,240,210,9:00:00,12:00:00,cluster_2
654,2,116.57242,39.796497,0.0621,0.1833,330 ,420,390,13:30:00,15:00:00,cluster_1
655,2,116.22202,39.784714,0.99822,2.3408,120 ,240,210,10:00:00,12:00:00,cluster_2
656,2,116.3387,39.888313,0.02359,0.0691,300 ,360,330,13:00:00,14:00:00,cluster_4
657,2,116.62539,40.033756,2.0467,3.249,90 ,150,120,9:30:00,10:30:00,cluster_3
658,2,116.12977,40.049522,0.0128,0.0199,90 ,240,210,9:30:00,12:00:00,cluster_0
659,2,116.62056,40.04912,0.184994,0.342,180 ,330,300,11:00:00,13:30:00,cluster_3
660,2,116.47833,40.01122,0.0216,0.0356,90 ,180,150,9:30:00,11:00:00,cluster_9
661,2,116.68104,39.97481,0.7575,5.5125,330 ,360,330,13:30:00,14:00:00,cluster_5
662,2,116.51566,40.024258,0.15999,0.3031,330 ,390,360,13:30:00,14:30:00,cluster_3
663,2,116.30773,39.724236,0.30377,0.8616,180 ,240,210,11:00:00,12:00:00,cluster_8
664,2,116.36812,39.83916,0.184,1.4392,180 ,330,300,11:00:00,13:30:00,cluster_4
665,2,116.29307,39.712982,0.01545,0.0905,120 ,180,150,10:00:00,11:00:00,cluster_8
666,2,116.66226,39.88922,0.096,1.3886,120 ,180,150,10:00:00,11:00:00,cluster_5
667,2,116.27305,40.005707,0.44577,1.0145,300 ,390,360,13:00:00,14:30:00,cluster_7
668,2,116.327286,39.72082,0.0173,0.0903,330 ,450,420,13:30:00,15:30:00,cluster_8
669,2,116.5419,40.048626,0.078623,0.5777,300 ,450,420,13:00:00,15:30:00,cluster_3
670,2,116.5,40.076557,0.04484,0.0715,90 ,150,120,9:30:00,10:30:00,cluster_3
671,2,116.2994,40.030262,0.01469,0.0357,210 ,300,270,11:30:00,13:00:00,cluster_0
672,2,116.33832,39.91187,0.01109,0.0154,300 ,360,330,13:00:00,14:00:00,cluster_4
673,2,116.32152,39.82633,0.03296,0.0582,90 ,180,150,9:30:00,11:00:00,cluster_4
674,2,116.18189,39.9091,0.06038,0.0956,120 ,240,210,10:00:00,12:00:00,cluster_7
675,2,116.4342,39.945953,0.017,0.0216,330 ,450,420,13:30:00,15:30:00,cluster_9
676,2,116.67764,39.943913,0.06075,0.0576,210 ,330,300,11:30:00,13:30:00,cluster_5
677,2,116.47273,39.898327,0.10896,0.1984,300 ,360,330,13:00:00,14:00:00,cluster_9
678,2,116.416145,39.828682,0.02485,0.047,330 ,390,360,13:30:00,14:30:00,cluster_4
679,2,116.58816,39.975445,0.02,0.0242,330 ,420,390,13:30:00,15:00:00,cluster_5
680,2,116.39069,39.87101,0.04028,0.0682,210 ,300,270,11:30:00,13:00:00,cluster_4
681,2,116.1427,39.769577,0.186,0.2803,180 ,240,210,11:00:00,12:00:00,cluster_2
682,2,116.48632,39.85114,0.0468,0.0763,120 ,180,150,10:00:00,11:00:00,cluster_1
683,2,116.348495,39.922985,0.15438,0.2728,210 ,300,270,11:30:00,13:00:00,cluster_4
684,2,116.12657,39.848213,0.0108,0.0178,60 ,120,90,9:00:00,10:00:00,cluster_2
685,2,116.35894,39.891155,1.05,1.3259,210 ,330,300,11:30:00,13:30:00,cluster_4
686,2,116.295334,39.778896,1.05,1.3259,180 ,300,270,11:00:00,13:00:00,cluster_8
687,2,116.11081,39.96549,0.244505,0.5589,180 ,240,210,11:00:00,12:00:00,cluster_7
688,2,116.1378,40.035137,0.03346,0.3,60 ,120,90,9:00:00,10:00:00,cluster_0
689,2,116.50023,39.82924,0.07342,0.75,210 ,300,270,11:30:00,13:00:00,cluster_1
690,2,116.52986,40.128418,0.02128,0.25,90 ,150,120,9:30:00,10:30:00,cluster_3
691,2,116.345436,40.139584,0.01017,0.12,60 ,240,210,9:00:00,12:00:00,cluster_6
692,2,116.66879,39.90788,0.0105,0.08,330 ,450,420,13:30:00,15:30:00,cluster_5
693,2,116.59912,39.8489,0.133,1.1263,180 ,300,270,11:00:00,13:00:00,cluster_1
694,2,116.40588,39.89326,0.02052,0.35,330 ,390,360,13:30:00,14:30:00,cluster_4
695,2,116.61828,40.017136,0.26133,0.4221,90 ,150,120,9:30:00,10:30:00,cluster_5
696,2,116.185036,40.023315,0.0309,0.2742,210 ,300,270,11:30:00,13:00:00,cluster_0
697,2,116.44483,39.95191,0.08401,0.95,90 ,150,120,9:30:00,10:30:00,cluster_9
698,2,116.45956,40.080727,0.03107,0.2,90 ,150,120,9:30:00,10:30:00,cluster_3
699,2,116.473434,39.93115,0.02719,0.12,60 ,180,150,9:00:00,11:00:00,cluster_9
700,2,116.46555,39.853542,0.02794,0.2,210 ,300,270,11:30:00,13:00:00,cluster_1
701,2,116.2809,39.76236,0.12046,1.25,210 ,330,300,11:30:00,13:30:00,cluster_8
702,2,116.26921,40.121876,0.05938,0.7,300 ,390,360,13:00:00,14:30:00,cluster_0
703,2,116.62742,40.046326,0.06719,0.75,120 ,180,150,10:00:00,11:00:00,cluster_3
704,2,116.3521,40.033592,0.03468,0.55,330 ,390,360,13:30:00,14:30:00,cluster_6
705,2,116.635666,40.005383,0.11099,1.25,300 ,360,330,13:00:00,14:00:00,cluster_5
706,2,116.45879,40.02426,0.1929,2.15,330 ,420,390,13:30:00,15:00:00,cluster_9
707,2,116.403564,39.851368,0.10441,0.2447,180 ,240,210,11:00:00,12:00:00,cluster_4
708,2,116.16829,40.155937,0.04424,0.0913,330 ,420,390,13:30:00,15:00:00,cluster_0
709,2,116.33114,39.73758,0.06325,0.1978,300 ,360,330,13:00:00,14:00:00,cluster_8
710,2,116.47708,39.768772,0.26837,0.6872,210 ,300,270,11:30:00,13:00:00,cluster_1
711,2,116.3501,40.072437,0.5309,1.3299,300 ,360,330,13:00:00,14:00:00,cluster_6
712,2,116.21949,39.760334,0.20544,0.6121,120 ,180,150,10:00:00,11:00:00,cluster_2
713,2,116.403114,40.13546,0.1157,1.3294,330 ,390,360,13:30:00,14:30:00,cluster_6
714,2,116.58817,39.88256,0.2362,0.4884,300 ,360,330,13:00:00,14:00:00,cluster_5
715,2,116.3906,39.76137,0.03669,0.0807,120 ,180,150,10:00:00,11:00:00,cluster_8
716,2,116.51757,39.841606,0.06674,0.2256,180 ,330,300,11:00:00,13:30:00,cluster_1
717,2,116.4797,39.781906,0.309375,0.515,180 ,330,300,11:00:00,13:30:00,cluster_1
718,2,116.53683,40.00293,2.3056,3.5095,330 ,360,330,13:30:00,14:00:00,cluster_3
719,2,116.29049,39.88456,0.0552,0.1224,90 ,150,120,9:30:00,10:30:00,cluster_4
720,2,116.40936,39.97241,0.01805,0.0829,90 ,150,120,9:30:00,10:30:00,cluster_9
721,2,116.39771,39.805084,0.11864,0.7978,210 ,300,270,11:30:00,13:00:00,cluster_4
722,2,116.36529,39.990578,0.06985,0.5042,60 ,120,90,9:00:00,10:00:00,cluster_9
723,2,116.30819,39.979733,0.025238,0.179,180 ,300,270,11:00:00,13:00:00,cluster_7
724,2,116.50682,39.987946,0.017725,0.0404,300 ,420,390,13:00:00,15:00:00,cluster_9
725,2,116.20684,39.88691,1.38132,1.9981,180 ,240,210,11:00:00,12:00:00,cluster_7
726,2,116.42885,40.02185,0.65474,1.0643,180 ,330,300,11:00:00,13:30:00,cluster_9
727,2,116.34182,39.922962,0.8,1.3903,300 ,420,390,13:00:00,15:00:00,cluster_4
728,2,116.56095,40.127605,0.57924,0.9328,60 ,240,210,9:00:00,12:00:00,cluster_3
729,2,116.1978,40.053905,0.34192,0.5765,120 ,180,150,10:00:00,11:00:00,cluster_0
730,2,116.33944,39.91729,1.66496,2.5993,60 ,240,210,9:00:00,12:00:00,cluster_4
731,2,116.15328,40.063007,0.33024,0.5303,330 ,360,330,13:30:00,14:00:00,cluster_0
732,2,116.41923,39.77005,0.16668,0.3071,300 ,450,420,13:00:00,15:30:00,cluster_8
733,2,116.40299,40.04752,1.46378,2.4378,90 ,180,150,9:30:00,11:00:00,cluster_6
734,2,116.325905,39.84678,0.0941,0.1806,300 ,450,420,13:00:00,15:30:00,cluster_4
735,2,116.46021,39.978638,0.13634,0.31,180 ,240,210,11:00:00,12:00:00,cluster_9
736,2,116.253876,40.106434,0.19614,0.3567,90 ,240,210,9:30:00,12:00:00,cluster_0
737,2,116.365616,40.05183,0.17552,0.3604,330 ,390,360,13:30:00,14:30:00,cluster_6
738,2,116.60819,39.909615,0.17906,0.2975,90 ,150,120,9:30:00,10:30:00,cluster_5
739,2,116.33064,40.126774,0.52452,0.9317,300 ,390,360,13:00:00,14:30:00,cluster_6
740,2,116.54292,40.108665,1.34712,2.0785,330 ,360,330,13:30:00,14:00:00,cluster_3
741,2,116.39814,39.77488,0.91556,1.5102,90 ,240,210,9:30:00,12:00:00,cluster_8
742,2,116.489136,39.859653,0.14528,0.2432,330 ,420,390,13:30:00,15:00:00,cluster_1
743,2,116.32944,39.96645,0.1623,0.2472,90 ,150,120,9:30:00,10:30:00,cluster_9
744,2,116.31508,39.938374,0.26926,0.5063,60 ,120,90,9:00:00,10:00:00,cluster_4
745,2,116.20122,39.887627,2.3512,3.4563,210 ,300,270,11:30:00,13:00:00,cluster_7
746,2,116.477234,39.995975,0.20932,0.3345,90 ,150,120,9:30:00,10:30:00,cluster_9
747,2,116.18678,39.915882,0.04654,0.1034,90 ,150,120,9:30:00,10:30:00,cluster_7
748,2,116.3711,39.86973,0.28196,0.4299,330 ,360,330,13:30:00,14:00:00,cluster_4
749,2,116.51268,39.807632,0.5064,0.8067,210 ,300,270,11:30:00,13:00:00,cluster_1
750,2,116.65156,40.04329,0.275,0.5668,300 ,390,360,13:00:00,14:30:00,cluster_3
751,2,116.308304,39.82285,0.36238,0.6173,60 ,180,150,9:00:00,11:00:00,cluster_4
752,2,116.36229,39.839775,0.65716,1.0552,180 ,300,270,11:00:00,13:00:00,cluster_4
753,2,116.59963,40.0115,0.04078,0.0948,300 ,390,360,13:00:00,14:30:00,cluster_5
754,2,116.564445,39.84575,0.32808,0.5683,90 ,240,210,9:30:00,12:00:00,cluster_1
755,2,116.393814,39.928307,0.5904,1.1023,60 ,240,210,9:00:00,12:00:00,cluster_9
756,2,116.30893,39.763172,0.2453,0.5935,90 ,150,120,9:30:00,10:30:00,cluster_8
757,2,116.34936,39.72553,0.102,0.1776,330 ,360,330,13:30:00,14:00:00,cluster_8
758,2,116.42135,39.99368,0.5955,0.8994,300 ,390,360,13:00:00,14:30:00,cluster_9
759,2,116.500435,39.87242,0.39362,0.6877,180 ,300,270,11:00:00,13:00:00,cluster_1
760,2,116.45884,40.1327,0.03566,0.068,180 ,300,270,11:00:00,13:00:00,cluster_6
761,2,116.44485,39.988266,0.8858,1.511,300 ,420,390,13:00:00,15:00:00,cluster_9
762,2,116.188896,40.098186,0.1655,0.2864,180 ,330,300,11:00:00,13:30:00,cluster_0
763,2,116.529015,39.853558,0.09914,0.1922,60 ,120,90,9:00:00,10:00:00,cluster_1
764,2,116.37229,39.913155,0.41754,0.6117,90 ,150,120,9:30:00,10:30:00,cluster_4
765,2,116.15828,39.833183,0.23862,0.5916,330 ,360,330,13:30:00,14:00:00,cluster_2
766,2,116.23992,40.0956,0.5959,1.0429,60 ,240,210,9:00:00,12:00:00,cluster_0
767,2,116.55463,39.762985,0.179,0.3064,90 ,180,150,9:30:00,11:00:00,cluster_1
768,2,116.28766,40.055676,0.19982,0.3931,90 ,240,210,9:30:00,12:00:00,cluster_0
769,2,116.31931,40.10942,0.47418,0.7852,90 ,240,210,9:30:00,12:00:00,cluster_6
770,2,116.12413,39.706493,0.05484,0.1161,60 ,120,90,9:00:00,10:00:00,cluster_2
771,2,116.37188,39.89669,0.52742,0.8809,90 ,240,210,9:30:00,12:00:00,cluster_4
772,2,116.12584,39.787956,0.03446,0.0646,300 ,450,420,13:00:00,15:30:00,cluster_2
773,2,116.3857,40.013103,1.5295,2.6761,90 ,150,120,9:30:00,10:30:00,cluster_9
774,2,116.27482,40.131588,0.40932,0.7395,300 ,390,360,13:00:00,14:30:00,cluster_6
775,2,116.19527,40.07062,0.59008,1.0637,120 ,180,150,10:00:00,11:00:00,cluster_0
776,2,116.3321,39.731544,0.5758,1.1349,330 ,450,420,13:30:00,15:30:00,cluster_8
777,2,116.33867,39.711567,1.52242,2.6614,90 ,180,150,9:30:00,11:00:00,cluster_8
778,2,116.39379,39.949852,0.41276,0.7084,180 ,330,300,11:00:00,13:30:00,cluster_9
779,2,116.41959,39.93974,0.51524,0.9137,330 ,420,390,13:30:00,15:00:00,cluster_9
780,2,116.21121,40.10816,0.31512,0.5118,120 ,180,150,10:00:00,11:00:00,cluster_0
781,2,116.3328,39.74283,0.13306,0.2449,60 ,240,210,9:00:00,12:00:00,cluster_8
782,2,116.37371,39.922413,0.2706,0.5067,60 ,120,90,9:00:00,10:00:00,cluster_4
783,2,116.44864,39.854008,0.03446,0.0702,210 ,330,300,11:30:00,13:30:00,cluster_1
784,2,116.50177,39.923283,0.14296,0.2728,330 ,450,420,13:30:00,15:30:00,cluster_9
785,2,116.54978,39.956448,0.97332,1.6431,300 ,420,390,13:00:00,15:00:00,cluster_5
786,2,116.20797,39.881104,1.59766,2.7288,300 ,420,390,13:00:00,15:00:00,cluster_7
787,2,116.312065,40.149754,0.0373,0.0944,300 ,390,360,13:00:00,14:30:00,cluster_6
788,2,116.161446,39.71648,0.4633,0.6692,60 ,120,90,9:00:00,10:00:00,cluster_2
789,2,116.625885,40.088226,0.08056,0.1355,330 ,450,420,13:30:00,15:30:00,cluster_3
790,2,116.59246,39.820583,1.9828,4.4404,300 ,420,390,13:00:00,15:00:00,cluster_1
791,2,116.47262,39.895943,0.0396,0.0869,300 ,360,330,13:00:00,14:00:00,cluster_1
792,2,116.23805,39.86292,0.50508,1.1159,60 ,180,150,9:00:00,11:00:00,cluster_7
793,2,116.58815,39.803448,0.3579,0.573,330 ,360,330,13:30:00,14:00:00,cluster_1
794,2,116.27685,39.78582,0.10426,0.1817,90 ,180,150,9:30:00,11:00:00,cluster_8
795,2,116.38727,40.150166,0.63934,1.0772,330 ,390,360,13:30:00,14:30:00,cluster_6
796,2,116.62155,39.95279,0.18886,0.3675,60 ,180,150,9:00:00,11:00:00,cluster_5
797,2,116.44755,39.967598,0.03836,0.0717,90 ,150,120,9:30:00,10:30:00,cluster_9
798,2,116.47654,39.833458,0.03372,0.0781,180 ,300,270,11:00:00,13:00:00,cluster_1
799,2,116.5629,39.863102,0.41316,0.6286,330 ,450,420,13:30:00,15:30:00,cluster_1
800,2,116.40004,39.938957,0.12246,0.2356,180 ,300,270,11:00:00,13:00:00,cluster_9
801,2,116.56774,39.826706,0.38048,0.5378,120 ,240,210,10:00:00,12:00:00,cluster_1
802,2,116.5305,39.807125,1.1938,2.0248,60 ,240,210,9:00:00,12:00:00,cluster_1
803,2,116.702354,39.944016,0.93782,1.4653,300 ,360,330,13:00:00,14:00:00,cluster_5
804,2,116.24298,40.07588,1.92586,3.363,60 ,180,150,9:00:00,11:00:00,cluster_0
805,2,116.424774,39.976215,0.22896,0.3853,90 ,180,150,9:30:00,11:00:00,cluster_9
806,2,116.428116,39.87881,0.46594,0.7133,180 ,240,210,11:00:00,12:00:00,cluster_4
807,2,116.58297,39.92225,0.28046,0.562,300 ,450,420,13:00:00,15:30:00,cluster_5
808,2,116.69354,39.86289,0.27654,0.5587,210 ,330,300,11:30:00,13:30:00,cluster_5
809,2,116.42005,39.887585,0.12098,0.2295,60 ,180,150,9:00:00,11:00:00,cluster_4
810,2,116.526535,39.899002,0.03352,0.0736,330 ,390,360,13:30:00,14:30:00,cluster_1
811,2,116.157135,39.776943,0.30676,0.5347,330 ,360,330,13:30:00,14:00:00,cluster_2
812,2,116.266525,39.7162,0.0222,0.0393,330 ,420,390,13:30:00,15:00:00,cluster_8
813,2,116.599075,39.85643,1.04662,1.6756,60 ,180,150,9:00:00,11:00:00,cluster_1
814,2,116.42756,39.898945,0.04118,0.0754,180 ,240,210,11:00:00,12:00:00,cluster_4
815,2,116.41759,39.862072,0.25662,0.4427,300 ,420,390,13:00:00,15:00:00,cluster_4
816,2,116.58179,39.91836,0.38032,1.2421,60 ,180,150,9:00:00,11:00:00,cluster_5
817,2,116.33754,39.808533,0.30634,0.7147,120 ,180,150,10:00:00,11:00:00,cluster_8
818,2,116.2711,39.87363,0.819,1.5873,330 ,360,330,13:30:00,14:00:00,cluster_4
819,2,116.34526,39.91202,0.25692,0.5111,90 ,180,150,9:30:00,11:00:00,cluster_4
820,2,116.45725,39.75018,0.59448,0.9504,120 ,180,150,10:00:00,11:00:00,cluster_1
821,2,116.22044,40.025715,0.31802,0.5587,90 ,150,120,9:30:00,10:30:00,cluster_0
822,2,116.25116,40.090534,2.18692,3.5475,330 ,450,420,13:30:00,15:30:00,cluster_0
823,2,116.56854,40.13123,0.58716,0.9305,180 ,300,270,11:00:00,13:00:00,cluster_3
824,2,116.31681,39.909832,0.48864,0.8241,330 ,450,420,13:30:00,15:30:00,cluster_4
825,2,116.17301,39.834717,0.3945,0.5742,90 ,180,150,9:30:00,11:00:00,cluster_2
826,2,116.4772,39.86221,0.75004,1.3688,90 ,240,210,9:30:00,12:00:00,cluster_1
827,2,116.59971,40.136467,0.89352,1.5112,90 ,180,150,9:30:00,11:00:00,cluster_3
828,2,116.20365,39.77466,1.4294,2.1731,120 ,180,150,10:00:00,11:00:00,cluster_2
829,2,116.39735,40.131687,0.05756,0.1243,330 ,450,420,13:30:00,15:30:00,cluster_6
830,2,116.36003,39.91502,0.53764,1.1191,60 ,120,90,9:00:00,10:00:00,cluster_4
831,2,116.51993,39.865757,0.35362,0.5673,60 ,180,150,9:00:00,11:00:00,cluster_1
832,2,116.49884,40.07241,0.0433,0.0976,120 ,240,210,10:00:00,12:00:00,cluster_3
833,2,116.11583,40.03926,0.07034,0.1571,180 ,300,270,11:00:00,13:00:00,cluster_0
834,2,116.50316,40.1436,0.15446,0.328,180 ,300,270,11:00:00,13:00:00,cluster_3
835,2,116.28358,39.785397,0.12852,0.3605,300 ,450,420,13:00:00,15:30:00,cluster_8
836,2,116.19241,40.013012,0.2415,0.3236,300 ,420,390,13:00:00,15:00:00,cluster_0
837,2,116.334274,39.79426,0.51304,0.7242,300 ,450,420,13:00:00,15:30:00,cluster_8
838,2,116.61207,40.03542,0.11692,0.2002,300 ,420,390,13:00:00,15:00:00,cluster_3
839,2,116.28845,39.92719,0.35846,0.6253,90 ,240,210,9:30:00,12:00:00,cluster_7
840,2,116.62482,40.00715,1.53764,2.5209,180 ,300,270,11:00:00,13:00:00,cluster_5
841,2,116.468544,39.822533,0.0358,0.0808,90 ,150,120,9:30:00,10:30:00,cluster_1
842,2,116.39148,39.946033,0.2257,0.3933,300 ,360,330,13:00:00,14:00:00,cluster_9
843,2,116.506744,39.8048,0.41764,0.6866,120 ,180,150,10:00:00,11:00:00,cluster_1
844,2,116.3897,39.890907,0.33996,0.6065,300 ,420,390,13:00:00,15:00:00,cluster_4
845,2,116.41526,40.110607,0.05636,0.104,330 ,450,420,13:30:00,15:30:00,cluster_6
846,2,116.60885,39.891277,0.56924,0.8743,180 ,240,210,11:00:00,12:00:00,cluster_5
847,2,116.24226,39.736942,0.3116,0.4969,330 ,420,390,13:30:00,15:00:00,cluster_8
848,2,116.6238,40.03385,0.06874,0.1222,300 ,390,360,13:00:00,14:30:00,cluster_3
849,2,116.48188,40.045315,0.06118,0.175,90 ,150,120,9:30:00,10:30:00,cluster_3
850,2,116.514946,39.900818,0.05124,0.0849,60 ,180,150,9:00:00,11:00:00,cluster_1
851,2,116.14852,39.992367,0.0584,0.1068,90 ,180,150,9:30:00,11:00:00,cluster_7
852,2,116.661766,39.933304,0.13068,0.2645,300 ,450,420,13:00:00,15:30:00,cluster_5
853,2,116.161835,39.820198,0.77298,1.2241,60 ,120,90,9:00:00,10:00:00,cluster_2
854,2,116.60674,39.999207,0.12326,0.2103,120 ,240,210,10:00:00,12:00:00,cluster_5
855,2,116.663994,39.863277,0.09262,0.1405,180 ,330,300,11:00:00,13:30:00,cluster_5
856,2,116.541084,39.82959,0.48564,0.7465,60 ,120,90,9:00:00,10:00:00,cluster_1
857,2,116.53599,40.072144,0.06328,0.1134,330 ,450,420,13:30:00,15:30:00,cluster_3
858,2,116.36377,40.099537,0.11104,0.2305,300 ,450,420,13:00:00,15:30:00,cluster_6
859,2,116.2598,39.9448,0.2255,0.3951,90 ,240,210,9:30:00,12:00:00,cluster_7
860,2,116.32924,39.97352,0.31382,0.5394,180 ,240,210,11:00:00,12:00:00,cluster_9
861,2,116.28873,39.828995,0.2306,0.4274,210 ,330,300,11:30:00,13:30:00,cluster_4
862,2,116.33926,39.92689,0.184072,0.4341,60 ,120,90,9:00:00,10:00:00,cluster_4
863,2,116.596405,39.925793,0.27114,0.4783,60 ,180,150,9:00:00,11:00:00,cluster_5
864,2,116.17586,39.997086,0.018892,0.0323,330 ,390,360,13:30:00,14:30:00,cluster_7
865,2,116.52237,39.750282,0.26199,0.4564,90 ,150,120,9:30:00,10:30:00,cluster_1
866,2,116.41728,39.805134,0.1613,0.2846,120 ,180,150,10:00:00,11:00:00,cluster_4
867,2,116.1373,39.85768,0.16723,0.2909,120 ,240,210,10:00:00,12:00:00,cluster_2
868,2,116.585594,39.919598,0.207836,0.426,90 ,180,150,9:30:00,11:00:00,cluster_5
869,2,116.20895,40.14497,0.0146,0.0248,330 ,420,390,13:30:00,15:00:00,cluster_0
870,2,116.43983,39.954918,0.32945,0.6776,90 ,150,120,9:30:00,10:30:00,cluster_9
871,2,116.52525,39.90187,0.73345,2.3334,90 ,180,150,9:30:00,11:00:00,cluster_1
872,2,116.1361,39.738476,0.5745,1.2306,180 ,240,210,11:00:00,12:00:00,cluster_2
873,2,116.40042,39.880993,0.28265,0.4943,300 ,360,330,13:00:00,14:00:00,cluster_4
874,2,116.2266,39.78172,0.20544,0.2472,120 ,180,150,10:00:00,11:00:00,cluster_2
875,2,116.471176,40.048473,0.045,0.15,210 ,330,300,11:30:00,13:30:00,cluster_3
876,2,116.57387,40.00764,0.04272,0.0588,300 ,360,330,13:00:00,14:00:00,cluster_3
877,2,116.41947,39.945328,0.0545,0.3875,330 ,360,330,13:30:00,14:00:00,cluster_9
878,2,116.22301,39.99291,0.15675,1.0509,120 ,240,210,10:00:00,12:00:00,cluster_7
879,2,116.19799,40.015583,0.32474,1.9532,300 ,390,360,13:00:00,14:30:00,cluster_0
880,2,116.43608,39.903397,0.168194,0.2588,300 ,450,420,13:00:00,15:30:00,cluster_9
881,2,116.39687,39.945786,0.283,0.479,300 ,390,360,13:00:00,14:30:00,cluster_9
882,2,116.23771,39.95498,0.017895,0.2676,300 ,450,420,13:00:00,15:30:00,cluster_7
883,2,116.30461,39.912094,0.1708,0.2606,300 ,450,420,13:00:00,15:30:00,cluster_4
884,2,116.14692,39.853935,0.380774,0.8011,90 ,180,150,9:30:00,11:00:00,cluster_2
885,2,116.34549,39.742428,0.08642,0.154,330 ,420,390,13:30:00,15:00:00,cluster_8
886,2,116.24641,40.105003,0.010458,0.0705,60 ,120,90,9:00:00,10:00:00,cluster_0
887,2,116.32523,39.868347,0.07454,0.1377,60 ,240,210,9:00:00,12:00:00,cluster_4
888,2,116.2381,40.10992,0.299,2.3387,330 ,450,420,13:30:00,15:30:00,cluster_0
889,2,116.24127,40.15453,0.66995,5.2659,300 ,450,420,13:00:00,15:30:00,cluster_0
890,2,116.422264,40.103756,0.07482,0.1997,300 ,390,360,13:00:00,14:30:00,cluster_6
891,2,116.33535,39.8901,0.01655,0.0304,90 ,180,150,9:30:00,11:00:00,cluster_4
892,2,116.11845,39.98548,0.26359,1.9727,300 ,420,390,13:00:00,15:00:00,cluster_7
893,2,116.20102,39.923363,0.07452,0.105,60 ,180,150,9:00:00,11:00:00,cluster_7
894,2,116.47851,39.998756,0.195,0.2971,90 ,240,210,9:30:00,12:00:00,cluster_9
895,2,116.50156,40.114323,0.275885,0.51,330 ,450,420,13:30:00,15:30:00,cluster_3
896,2,116.1877,40.026073,0.168715,0.2864,330 ,360,330,13:30:00,14:00:00,cluster_0
897,2,116.42805,39.87652,0.46975,0.7258,300 ,420,390,13:00:00,15:00:00,cluster_4
898,2,116.66242,40.01843,0.12743,0.2067,330 ,360,330,13:30:00,14:00:00,cluster_5
899,2,116.49996,39.85861,0.06366,0.0892,60 ,180,150,9:00:00,11:00:00,cluster_1
900,2,116.25788,39.979023,0.1824,0.2771,180 ,240,210,11:00:00,12:00:00,cluster_7
901,2,116.27139,40.01275,0.19888,0.394,180 ,240,210,11:00:00,12:00:00,cluster_0
902,2,116.36671,39.72879,0.254245,0.5021,180 ,240,210,11:00:00,12:00:00,cluster_8
903,2,116.38728,39.990807,0.05664,0.0889,60 ,120,90,9:00:00,10:00:00,cluster_9
904,2,116.29138,39.708103,0.23844,0.3721,330 ,360,330,13:30:00,14:00:00,cluster_8
905,2,116.446686,40.0858,0.1004,0.1524,300 ,420,390,13:00:00,15:00:00,cluster_6
906,2,116.625374,39.960537,0.02024,0.0416,330 ,450,420,13:30:00,15:30:00,cluster_5
907,2,116.61298,39.908993,0.01518,0.0312,120 ,180,150,10:00:00,11:00:00,cluster_5
908,2,116.562485,40.09864,0.01518,0.0312,90 ,240,210,9:30:00,12:00:00,cluster_3
909,2,116.32834,39.799488,0.03634,0.0657,330 ,360,330,13:30:00,14:00:00,cluster_8
910,2,116.554436,39.926517,0.0254,0.0484,90 ,240,210,9:30:00,12:00:00,cluster_5
911,2,116.493385,39.851105,0.21636,0.3768,60 ,240,210,9:00:00,12:00:00,cluster_1
912,2,116.30626,39.95831,0.15902,0.2896,330 ,360,330,13:30:00,14:00:00,cluster_7
913,2,116.17005,39.853424,0.163895,0.2543,330 ,390,360,13:30:00,14:30:00,cluster_2
914,2,116.53352,40.137962,0.14435,0.2633,90 ,150,120,9:30:00,10:30:00,cluster_3
915,2,116.1833,39.93359,0.54094,0.9143,300 ,450,420,13:00:00,15:30:00,cluster_7
916,2,116.42955,40.123543,0.1982,0.3277,90 ,150,120,9:30:00,10:30:00,cluster_6
917,2,116.303276,39.93759,0.39089,0.709,180 ,240,210,11:00:00,12:00:00,cluster_7
918,2,116.41989,39.933495,0.0143,0.0952,330 ,420,390,13:30:00,15:00:00,cluster_9
919,2,116.55488,39.85322,0.0106,0.0415,330 ,420,390,13:30:00,15:00:00,cluster_1
920,2,116.17579,39.778267,0.16571,0.2531,330 ,390,360,13:30:00,14:30:00,cluster_2
921,2,116.56786,39.982635,0.265376,0.5304,180 ,330,300,11:00:00,13:30:00,cluster_5
922,2,116.45884,39.87153,0.2208,0.2723,60 ,240,210,9:00:00,12:00:00,cluster_1
923,2,116.38905,39.839798,0.15822,0.272,300 ,390,360,13:00:00,14:30:00,cluster_4
924,2,116.23969,39.92947,0.3415,0.3915,120 ,240,210,10:00:00,12:00:00,cluster_7
925,2,116.3854,39.769066,0.0768,0.1427,60 ,180,150,9:00:00,11:00:00,cluster_8
926,2,116.20293,40.027004,0.71696,1.3074,120 ,240,210,10:00:00,12:00:00,cluster_0
927,2,116.38819,39.976692,0.18483,0.356,60 ,180,150,9:00:00,11:00:00,cluster_9
928,2,116.152794,39.72929,0.20632,0.3853,330 ,420,390,13:30:00,15:00:00,cluster_2
929,2,116.63448,40.00667,0.15067,0.259,300 ,390,360,13:00:00,14:30:00,cluster_5
930,2,116.38886,39.893223,0.15967,0.3283,90 ,150,120,9:30:00,10:30:00,cluster_4
931,2,116.15846,39.99875,0.19558,0.3229,60 ,240,210,9:00:00,12:00:00,cluster_7
932,2,116.48109,39.786022,0.149055,0.2602,300 ,390,360,13:00:00,14:30:00,cluster_1
933,2,116.22238,40.072735,0.19763,0.3515,60 ,180,150,9:00:00,11:00:00,cluster_0
934,2,116.6774,39.9532,0.17665,0.303,120 ,180,150,10:00:00,11:00:00,cluster_5
935,2,116.16861,40.07647,0.21567,0.3832,180 ,300,270,11:00:00,13:00:00,cluster_0
936,2,116.35389,39.88591,0.15056,0.2482,300 ,390,360,13:00:00,14:30:00,cluster_4
937,2,116.45085,39.966637,0.2135,0.3258,300 ,360,330,13:00:00,14:00:00,cluster_9
938,2,116.39899,39.93625,0.2995,0.4536,60 ,180,150,9:00:00,11:00:00,cluster_9
939,2,116.51179,39.88119,0.189338,0.331,180 ,240,210,11:00:00,12:00:00,cluster_1
940,2,116.473145,39.92899,0.187065,0.3355,300 ,390,360,13:00:00,14:30:00,cluster_9
941,2,116.36164,39.87736,0.1509,0.3002,60 ,180,150,9:00:00,11:00:00,cluster_4
942,2,116.30136,39.916218,0.16409,0.2725,300 ,420,390,13:00:00,15:00:00,cluster_4
943,2,116.35087,39.85028,0.17583,0.3177,90 ,150,120,9:30:00,10:30:00,cluster_4
944,2,116.53917,40.03525,0.25158,0.456,300 ,360,330,13:00:00,14:00:00,cluster_3
945,2,116.464676,39.89522,0.1709,0.2788,300 ,360,330,13:00:00,14:00:00,cluster_9
946,2,116.3345,40.075512,0.29083,0.5124,60 ,240,210,9:00:00,12:00:00,cluster_6
947,2,116.5333,39.841656,0.16685,0.2612,90 ,180,150,9:30:00,11:00:00,cluster_1
948,2,116.45626,39.97113,0.194,0.2937,330 ,360,330,13:30:00,14:00:00,cluster_9
949,2,116.65144,39.897144,0.14915,0.2615,330 ,390,360,13:30:00,14:30:00,cluster_5
950,2,116.382324,39.94806,0.18408,0.3315,90 ,150,120,9:30:00,10:30:00,cluster_9
951,2,116.5884,40.062675,0.193685,0.3362,180 ,300,270,11:00:00,13:00:00,cluster_3
952,2,116.26429,40.040627,0.48497,0.8551,330 ,360,330,13:30:00,14:00:00,cluster_0
953,2,116.44914,40.148163,0.101,0.2377,60 ,120,90,9:00:00,10:00:00,cluster_6
954,2,116.58115,39.76456,0.012,0.2,210 ,300,270,11:30:00,13:00:00,cluster_1
955,2,116.414696,39.844315,0.069,0.2,60 ,120,90,9:00:00,10:00:00,cluster_4
956,2,116.14352,40.06184,0.096,0.2,60 ,120,90,9:00:00,10:00:00,cluster_0
957,2,116.203125,40.14568,0.0223,0.3033,330 ,390,360,13:30:00,14:30:00,cluster_0
958,2,116.19646,40.12587,0.0215,0.14,60 ,180,150,9:00:00,11:00:00,cluster_0
959,2,116.318504,40.013344,0.0129,0.084,210 ,300,270,11:30:00,13:00:00,cluster_9
960,2,116.30305,39.825073,0.01652,0.1506,330 ,390,360,13:30:00,14:30:00,cluster_4
961,2,116.29106,40.041332,0.010154,0.4219,330 ,420,390,13:30:00,15:00:00,cluster_0
962,2,116.36248,40.12308,0.101,0.2377,210 ,300,270,11:30:00,13:00:00,cluster_6
963,2,116.321915,40.101463,0.01226,0.0438,180 ,300,270,11:00:00,13:00:00,cluster_6
964,2,116.47843,39.92065,0.016872,0.1382,300 ,420,390,13:00:00,15:00:00,cluster_9
965,2,116.31263,39.838886,0.019728,0.1362,300 ,450,420,13:00:00,15:30:00,cluster_4
966,2,116.2767,39.954247,0.0847,0.2817,120 ,180,150,10:00:00,11:00:00,cluster_7
967,2,116.41887,39.822132,0.11984,0.357,330 ,450,420,13:30:00,15:30:00,cluster_4
968,2,116.17067,40.043964,0.2484,0.733,120 ,180,150,10:00:00,11:00:00,cluster_0
969,2,116.66329,39.93441,0.02796,0.097,300 ,360,330,13:00:00,14:00:00,cluster_5
970,2,116.35787,39.8478,0.16112,0.3768,300 ,420,390,13:00:00,15:00:00,cluster_4
971,2,116.31326,39.826305,0.0266,0.0624,300 ,390,360,13:00:00,14:30:00,cluster_4
972,2,116.14097,39.832756,0.25814,0.6851,120 ,240,210,10:00:00,12:00:00,cluster_2
973,2,116.33913,39.87321,1.69446,4.7239,210 ,330,300,11:30:00,13:30:00,cluster_4
974,2,116.53812,39.84124,0.02796,0.097,180 ,300,270,11:00:00,13:00:00,cluster_1
975,2,116.52924,39.874004,0.03012,0.07,210 ,330,300,11:30:00,13:30:00,cluster_1
976,2,116.51387,40.05621,1.104,8.5536,180 ,240,210,11:00:00,12:00:00,cluster_3
977,2,116.38386,39.903873,0.02796,0.097,180 ,300,270,11:00:00,13:00:00,cluster_4
978,2,116.12937,39.82676,0.8,4.998,180 ,300,270,11:00:00,13:00:00,cluster_2
979,2,116.10016,39.722202,1.6,9.996,330 ,390,360,13:30:00,14:30:00,cluster_2
980,2,116.51552,39.958706,0.02796,0.097,330 ,360,330,13:30:00,14:00:00,cluster_9
981,2,116.31463,39.98644,0.67068,1.9792,90 ,150,120,9:30:00,10:30:00,cluster_9
982,2,116.61787,40.115963,0.621,1.8326,60 ,120,90,9:00:00,10:00:00,cluster_3
983,2,116.460266,40.04745,0.309,1.0075,300 ,450,420,13:00:00,15:30:00,cluster_3
984,2,116.40125,40.137455,0.15014,0.3978,300 ,360,330,13:00:00,14:00:00,cluster_6
985,2,116.1935,40.133846,0.02796,0.097,120 ,180,150,10:00:00,11:00:00,cluster_0
986,2,116.36632,40.00118,1.77606,5.2413,90 ,150,120,9:30:00,10:30:00,cluster_9
987,2,116.19407,40.100174,1.242,3.6652,120 ,180,150,10:00:00,11:00:00,cluster_0
988,2,116.41458,39.982113,0.1242,0.3665,90 ,150,120,9:30:00,10:30:00,cluster_9
989,2,116.302246,39.804703,1.39104,4.105,60 ,120,90,9:00:00,10:00:00,cluster_8
990,2,116.39842,39.87359,0.202,0.4754,300 ,390,360,13:00:00,14:30:00,cluster_4
991,2,116.6951,39.97659,0.7052,1.6505,90 ,180,150,9:30:00,11:00:00,cluster_5
992,2,116.40591,39.83711,0.07329,0.1467,180 ,330,300,11:00:00,13:30:00,cluster_4
993,2,116.41443,40.061104,1.104,8.5536,330 ,390,360,13:30:00,14:30:00,cluster_6
994,2,116.301895,39.901073,0.02796,0.097,330 ,450,420,13:30:00,15:30:00,cluster_4
995,2,116.21263,39.86667,0.02796,0.097,300 ,360,330,13:00:00,14:00:00,cluster_7
996,2,116.49626,39.95383,0.31102,0.9203,60 ,120,90,9:00:00,10:00:00,cluster_9
997,2,116.37994,39.93152,0.0566,0.3791,90 ,240,210,9:30:00,12:00:00,cluster_9
998,2,116.288704,39.70044,0.08877,0.1336,120 ,180,150,10:00:00,11:00:00,cluster_8
999,2,116.32511,39.869965,0.0612,0.09,60 ,120,90,9:00:00,10:00:00,cluster_4
1000,2,116.16284,39.837273,0.075,0.25,300 ,390,360,13:00:00,14:30:00,cluster_2
1001,3,116.152113,39.868443,0,0,0,0,0,0,0,charging_pile
1002,3,116.22805,40.011914,0,0,0,0,0,0,0,charging_pile
1003,3,116.281423,39.776693,0,0,0,0,0,0,0,charging_pile
1004,3,116.382519,39.97743,0,0,0,0,0,0,0,charging_pile
1005,3,116.356102,39.93375,0,0,0,0,0,0,0,charging_pile
1006,3,116.459988,40.011462,0,0,0,0,0,0,0,charging_pile
1007,3,116.140443,40.038863,0,0,0,0,0,0,0,charging_pile
1008,3,116.457361,39.840036,0,0,0,0,0,0,0,charging_pile
1009,3,116.222633,39.977565,0,0,0,0,0,0,0,charging_pile
1010,3,116.202066,40.143993,0,0,0,0,0,0,0,charging_pile
1011,3,116.588989,40.057086,0,0,0,0,0,0,0,charging_pile
1012,3,116.526879,39.817878,0,0,0,0,0,0,0,charging_pile
1013,3,116.503597,39.90286,0,0,0,0,0,0,0,charging_pile
1014,3,116.443108,39.938899,0,0,0,0,0,0,0,charging_pile
1015,3,116.654835,39.901081,0,0,0,0,0,0,0,charging_pile
1016,3,116.570247,40.11567,0,0,0,0,0,0,0,charging_pile
1017,3,116.581585,39.807587,0,0,0,0,0,0,0,charging_pile
1018,3,116.63199,39.982092,0,0,0,0,0,0,0,charging_pile
1019,3,116.332306,39.779971,0,0,0,0,0,0,0,charging_pile
1020,3,116.126923,39.733712,0,0,0,0,0,0,0,charging_pile
1021,3,116.323987,39.927989,0,0,0,0,0,0,0,charging_pile
1022,3,116.613044,39.9385,0,0,0,0,0,0,0,charging_pile
1023,3,116.477402,39.987549,0,0,0,0,0,0,0,charging_pile
1024,3,116.408934,39.921871,0,0,0,0,0,0,0,charging_pile
1025,3,116.168921,39.872391,0,0,0,0,0,0,0,charging_pile
1026,3,116.278341,39.802166,0,0,0,0,0,0,0,charging_pile
1027,3,116.566406,40.040446,0,0,0,0,0,0,0,charging_pile
1028,3,116.41282,39.811639,0,0,0,0,0,0,0,charging_pile
1029,3,116.131296,39.720798,0,0,0,0,0,0,0,charging_pile
1030,3,116.629915,39.87333,0,0,0,0,0,0,0,charging_pile
1031,3,116.476438,40.116922,0,0,0,0,0,0,0,charging_pile
1032,3,116.472431,39.87708,0,0,0,0,0,0,0,charging_pile
1033,3,116.296797,40.02454,0,0,0,0,0,0,0,charging_pile
1034,3,116.58337,40.008059,0,0,0,0,0,0,0,charging_pile
1035,3,116.340188,39.714245,0,0,0,0,0,0,0,charging_pile
1036,3,116.472971,40.020429,0,0,0,0,0,0,0,charging_pile
1037,3,116.467567,39.881927,0,0,0,0,0,0,0,charging_pile
1038,3,116.37161,39.905397,0,0,0,0,0,0,0,charging_pile
1039,3,116.231449,40.043761,0,0,0,0,0,0,0,charging_pile
1040,3,116.288315,39.934825,0,0,0,0,0,0,0,charging_pile
1041,3,116.462797,40.126535,0,0,0,0,0,0,0,charging_pile
1042,3,116.261842,39.903859,0,0,0,0,0,0,0,charging_pile
1043,3,116.472031,39.867853,0,0,0,0,0,0,0,charging_pile
1044,3,116.346776,39.880004,0,0,0,0,0,0,0,charging_pile
1045,3,116.217143,40.127949,0,0,0,0,0,0,0,charging_pile
1046,3,116.619308,39.809301,0,0,0,0,0,0,0,charging_pile
1047,3,116.185045,39.750972,0,0,0,0,0,0,0,charging_pile
1048,3,116.636648,39.960603,0,0,0,0,0,0,0,charging_pile
1049,3,116.453058,39.797329,0,0,0,0,0,0,0,charging_pile
1050,3,116.187589,39.802281,0,0,0,0,0,0,0,charging_pile
1051,3,116.211918,39.804844,0,0,0,0,0,0,0,charging_pile
1052,3,116.363721,39.886527,0,0,0,0,0,0,0,charging_pile
1053,3,116.402613,40.06002,0,0,0,0,0,0,0,charging_pile
1054,3,116.470978,40.018366,0,0,0,0,0,0,0,charging_pile
1055,3,116.613283,39.90786,0,0,0,0,0,0,0,charging_pile
1056,3,116.408038,40.128963,0,0,0,0,0,0,0,charging_pile
1057,3,116.266482,39.716903,0,0,0,0,0,0,0,charging_pile
1058,3,116.611588,40.051097,0,0,0,0,0,0,0,charging_pile
1059,3,116.5756,40.010424,0,0,0,0,0,0,0,charging_pile
1060,3,116.389527,39.935703,0,0,0,0,0,0,0,charging_pile
1061,3,116.697171,39.91343,0,0,0,0,0,0,0,charging_pile
1062,3,116.180742,39.777659,0,0,0,0,0,0,0,charging_pile
1063,3,116.443718,39.859208,0,0,0,0,0,0,0,charging_pile
1064,3,116.532836,39.925667,0,0,0,0,0,0,0,charging_pile
1065,3,116.597094,40.031667,0,0,0,0,0,0,0,charging_pile
1066,3,116.578958,40.028698,0,0,0,0,0,0,0,charging_pile
1067,3,116.540976,39.915874,0,0,0,0,0,0,0,charging_pile
1068,3,116.179564,39.9429,0,0,0,0,0,0,0,charging_pile
1069,3,116.290359,39.806944,0,0,0,0,0,0,0,charging_pile
1070,3,116.157265,39.720736,0,0,0,0,0,0,0,charging_pile
1071,3,116.314397,39.882352,0,0,0,0,0,0,0,charging_pile
1072,3,116.55681,39.762148,0,0,0,0,0,0,0,charging_pile
1073,3,116.456902,39.986785,0,0,0,0,0,0,0,charging_pile
1074,3,116.175172,40.055369,0,0,0,0,0,0,0,charging_pile
1075,3,116.474374,40.08505,0,0,0,0,0,0,0,charging_pile
1076,3,116.258322,39.774758,0,0,0,0,0,0,0,charging_pile
1077,3,116.59249,40.044558,0,0,0,0,0,0,0,charging_pile
1078,3,116.621956,40.01852,0,0,0,0,0,0,0,charging_pile
1079,3,116.345859,39.748722,0,0,0,0,0,0,0,charging_pile
1080,3,116.342117,39.862326,0,0,0,0,0,0,0,charging_pile
1081,3,116.32558,39.96854,0,0,0,0,0,0,0,charging_pile
1082,3,116.40743,39.996251,0,0,0,0,0,0,0,charging_pile
1083,3,116.211268,40.129097,0,0,0,0,0,0,0,charging_pile
1084,3,116.482994,39.956433,0,0,0,0,0,0,0,charging_pile
1085,3,116.522689,39.995497,0,0,0,0,0,0,0,charging_pile
1086,3,116.590549,39.922551,0,0,0,0,0,0,0,charging_pile
1087,3,116.322102,39.94609,0,0,0,0,0,0,0,charging_pile
1088,3,116.19946,39.74506,0,0,0,0,0,0,0,charging_pile
1089,3,116.177043,40.050244,0,0,0,0,0,0,0,charging_pile
1090,3,116.34708,39.901511,0,0,0,0,0,0,0,charging_pile
1091,3,116.518829,40.0067,0,0,0,0,0,0,0,charging_pile
1092,3,116.627948,40.028914,0,0,0,0,0,0,0,charging_pile
1093,3,116.456075,40.156019,0,0,0,0,0,0,0,charging_pile
1094,3,116.321546,39.870067,0,0,0,0,0,0,0,charging_pile
1095,3,116.263685,39.810561,0,0,0,0,0,0,0,charging_pile
1096,3,116.544018,39.867461,0,0,0,0,0,0,0,charging_pile
1097,3,116.396927,40.00716,0,0,0,0,0,0,0,charging_pile
1098,3,116.235869,39.908023,0,0,0,0,0,0,0,charging_pile
1099,3,116.643954,40.027593,0,0,0,0,0,0,0,charging_pile
1100,3,116.324378,40.0315,0,0,0,0,0,0,0,charging_pile
