type,lng                 ,lat                 
1,116.571614 ,39.792844 
2,116.242043 ,40.072630 
2,116.403595 ,39.872945 
2,116.186289 ,40.016361 
2,116.508011 ,39.826296 
2,116.130997 ,39.825921 
2,116.292094 ,39.942186 
2,116.439797 ,39.833047 
2,116.508963 ,39.823860 
2,116.378689 ,39.795018 
2,116.358365 ,39.922532 
2,116.373796 ,39.865785 
2,116.183008 ,40.161382 
2,116.160112 ,40.047810 
2,116.678619 ,39.847616 
2,116.226258 ,39.713316 
2,116.306948 ,40.099512 
2,116.408698 ,39.766474 
2,116.333278 ,39.851693 
2,116.197001 ,40.113750 
2,116.406780 ,40.151046 
2,116.144710 ,39.969706 
2,116.129614 ,39.813060 
2,116.643754 ,40.013940 
2,116.296372 ,39.837049 
2,116.447047 ,40.008081 
2,116.276963 ,40.158640 
2,116.354563 ,39.866296 
2,116.318031 ,39.875112 
2,116.425587 ,39.865789 
2,116.471535 ,39.966890 
2,116.499245 ,40.007637 
2,116.319851 ,39.936628 
2,116.440667 ,39.923044 
2,116.205883 ,39.758115 
2,116.443684 ,40.084959 
2,116.529238 ,39.912863 
2,116.638334 ,39.814205 
2,116.352196 ,39.720231 
2,116.218160 ,40.163925 
2,116.402014 ,39.854453 
2,116.447673 ,39.907295 
2,116.504712 ,40.074210 
2,116.536107 ,39.869800 
2,116.674032 ,39.980487 
2,116.421084 ,39.869937 
2,116.326513 ,39.969071 
2,116.619257 ,39.959178 
2,116.124201 ,40.044411 
2,116.330904 ,40.028102 
2,116.214509 ,40.122890 
2,116.175620 ,40.137607 
2,116.286521 ,40.040149 
2,116.547921 ,40.099246 
2,116.426204 ,39.768165 
2,116.198660 ,39.916869 
2,116.401042 ,40.128210 
2,116.526786 ,39.772772 
2,116.509573 ,39.903943 
2,116.619958 ,40.018250 
2,116.288546 ,39.947152 
2,116.358599 ,40.049618 
2,116.185684 ,40.041983 
2,116.567180 ,39.922132 
2,116.454199 ,39.823758 
2,116.315443 ,40.149423 
2,116.697490 ,39.969033 
2,116.129775 ,40.030684 
2,116.135035 ,39.829379 
2,116.157269 ,39.813850 
2,116.108275 ,39.961533 
2,116.693690 ,39.977631 
2,116.318280 ,40.011351 
2,116.551723 ,40.137788 
2,116.519285 ,39.975288 
2,116.278044 ,40.020899 
2,116.283233 ,39.997765 
2,116.239449 ,40.166236 
2,116.705558 ,39.982080 
2,116.325359 ,39.714637 
2,116.297954 ,39.749617 
2,116.442283 ,39.955037 
2,116.344187 ,39.928046 
2,116.396750 ,40.032799 
2,116.343961 ,39.731958 
2,116.422325 ,39.937723 
2,116.501390 ,39.940665 
2,116.181860 ,39.877509 
2,116.702389 ,39.985130 
2,116.276227 ,39.954630 
2,116.327119 ,39.983674 
2,116.636276 ,40.029454 
2,116.486264 ,39.755984 
2,116.443102 ,39.902115 
2,116.452477 ,39.766004 
2,116.368884 ,39.750008 
2,116.267044 ,40.005218 
2,116.393720 ,39.932944 
2,116.356651 ,40.013200 
2,116.563261 ,39.920876 
2,116.214988 ,39.948538 
2,116.448991 ,39.850945 
2,116.531400 ,39.973654 
2,116.386866 ,40.078037 
2,116.321216 ,39.967611 
2,116.306184 ,40.047660 
2,116.449153 ,39.858797 
2,116.409031 ,39.786938 
2,116.326604 ,39.972781 
2,116.188969 ,39.807586 
2,116.117569 ,40.007862 
2,116.223639 ,40.034059 
2,116.474950 ,40.037350 
2,116.569280 ,39.931223 
2,116.457241 ,39.847345 
2,116.220996 ,39.990716 
2,116.159234 ,39.738324 
2,116.228605 ,39.978168 
2,116.337225 ,39.877453 
2,116.291847 ,39.872359 
2,116.171722 ,39.890943 
2,116.201915 ,40.035121 
2,116.461945 ,40.073790 
2,116.539929 ,40.146034 
2,116.564140 ,39.847946 
2,116.459545 ,39.921702 
2,116.357121 ,39.913639 
2,116.250829 ,39.891280 
2,116.415944 ,39.781238 
2,116.261993 ,39.997247 
2,116.547290 ,39.958433 
2,116.152640 ,39.723152 
2,116.323423 ,40.170217 
2,116.411282 ,39.842317 
2,116.271985 ,39.753773 
2,116.445107 ,39.951336 
2,116.423576 ,39.903787 
2,116.108802 ,39.759928 
2,116.125634 ,39.986830 
2,116.113572 ,39.968266 
2,116.271488 ,39.722942 
2,116.545613 ,39.797444 
2,116.237362 ,39.846856 
2,116.270554 ,40.137197 
2,116.588135 ,40.091385 
2,116.333156 ,39.926811 
2,116.282925 ,39.983000 
2,116.292539 ,40.142344 
2,116.595043 ,39.858413 
2,116.264476 ,39.841778 
2,116.547252 ,40.006272 
2,116.344626 ,39.841846 
2,116.106510 ,39.741480 
2,116.669333 ,39.878629 
2,116.614819 ,39.832807 
2,116.133534 ,39.847645 
2,116.563884 ,40.137329 
2,116.319676 ,39.825279 
2,116.513737 ,39.882734 
2,116.280671 ,40.033927 
2,116.286044 ,39.792462 
2,116.545729 ,39.748147 
2,116.380648 ,40.138807 
2,116.604035 ,39.947453 
2,116.489951 ,39.801779 
2,116.179888 ,39.804007 
2,116.383045 ,39.868481 
2,116.402895 ,39.925429 
2,116.701603 ,39.957279 
2,116.232790 ,39.991372 
2,116.502534 ,39.807146 
2,116.486529 ,39.860022 
2,116.457159 ,39.991150 
2,116.617322 ,40.031218 
2,116.340379 ,40.136697 
2,116.276518 ,39.738767 
2,116.128998 ,39.838966 
2,116.301396 ,39.753760 
2,116.351089 ,39.753501 
2,116.157360 ,40.136642 
2,116.537014 ,39.788280 
2,116.455062 ,39.925008 
2,116.670310 ,40.010024 
2,116.279374 ,39.781054 
2,116.231026 ,39.914807 
2,116.202960 ,40.095300 
2,116.491817 ,39.962652 
2,116.253201 ,39.886712 
2,116.342915 ,39.740892 
2,116.501923 ,39.740659 
2,116.532870 ,40.069425 
2,116.458168 ,39.911881 
2,116.194315 ,40.087405 
2,116.608266 ,39.998630 
2,116.199792 ,39.915416 
2,116.450509 ,40.060669 
2,116.141859 ,39.743783 
2,116.140398 ,39.949424 
2,116.288791 ,39.964501 
2,116.341103 ,39.824756 
2,116.420658 ,39.883359 
2,116.376096 ,40.023377 
2,116.321557 ,39.924486 
2,116.200707 ,39.998889 
2,116.494361 ,39.918541 
2,116.458756 ,39.831774 
2,116.230417 ,40.018260 
2,116.673236 ,39.943886 
2,116.350636 ,39.720100 
2,116.303631 ,40.025272 
2,116.281223 ,39.972734 
2,116.449731 ,39.975431 
2,116.686198 ,39.889735 
2,116.236167 ,40.069469 
2,116.349537 ,39.918517 
2,116.396422 ,40.128545 
2,116.459559 ,39.732760 
2,116.433662 ,39.868269 
2,116.272780 ,39.742739 
2,116.109967 ,39.966025 
2,116.553987 ,39.804168 
2,116.627601 ,40.045276 
2,116.208310 ,39.873674 
2,116.393141 ,39.880550 
2,116.301273 ,39.969418 
2,116.194737 ,40.010094 
2,116.334688 ,39.848670 
2,116.233105 ,39.990631 
2,116.308388 ,40.070061 
2,116.528153 ,39.847281 
2,116.576860 ,39.814734 
2,116.169455 ,40.039452 
2,116.685248 ,39.876275 
2,116.275574 ,39.790072 
2,116.171899 ,40.024118 
2,116.217189 ,40.143608 
2,116.321507 ,39.971150 
2,116.503462 ,39.883935 
2,116.286780 ,39.964148 
2,116.169560 ,40.047796 
2,116.226456 ,39.724806 
2,116.190242 ,39.943763 
2,116.280570 ,39.988893 
2,116.173297 ,39.861740 
2,116.372827 ,40.087853 
2,116.570638 ,40.089837 
2,116.394236 ,39.853967 
2,116.569061 ,40.066667 
2,116.564062 ,39.883643 
2,116.166631 ,39.710201 
2,116.498488 ,39.852853 
2,116.424500 ,39.976614 
2,116.201517 ,39.933705 
2,116.478894 ,40.101591 
2,116.522401 ,39.796203 
2,116.520156 ,39.944703 
2,116.432181 ,40.124988 
2,116.494821 ,39.790006 
2,116.224054 ,40.030830 
2,116.450219 ,39.914066 
2,116.111895 ,39.968443 
2,116.327260 ,40.101791 
2,116.257217 ,40.083788 
2,116.467444 ,40.108075 
2,116.542583 ,39.902679 
2,116.334418 ,39.912875 
2,116.386836 ,39.852653 
2,116.141243 ,39.858155 
2,116.148148 ,39.864064 
2,116.656018 ,39.875720 
2,116.184317 ,40.045308 
2,116.587701 ,40.089340 
2,116.414761 ,39.950050 
2,116.482775 ,39.970999 
2,116.203325 ,40.155185 
2,116.372427 ,39.861986 
2,116.506005 ,39.898940 
2,116.522841 ,40.119735 
2,116.318058 ,40.138920 
2,116.569244 ,39.939792 
2,116.205596 ,39.989561 
2,116.520325 ,39.780365 
2,116.360808 ,39.901138 
2,116.614752 ,39.843468 
2,116.510263 ,39.858338 
2,116.243134 ,40.036374 
2,116.179251 ,39.943781 
2,116.263650 ,39.731654 
2,116.561699 ,39.780615 
2,116.444973 ,39.955583 
2,116.350165 ,39.839760 
2,116.432315 ,39.811975 
2,116.386777 ,39.722720 
2,116.604903 ,39.911583 
2,116.379448 ,39.933069 
2,116.406672 ,40.128159 
2,116.336976 ,39.923290 
2,116.442965 ,40.109379 
2,116.395487 ,39.957228 
2,116.240758 ,39.972970 
2,116.140080 ,40.047929 
2,116.264288 ,39.883128 
2,116.100449 ,39.969106 
2,116.358717 ,40.008133 
2,116.462930 ,39.826986 
2,116.124720 ,39.801855 
2,116.357206 ,40.149340 
2,116.573877 ,39.796889 
2,116.318196 ,40.038274 
2,116.416655 ,39.947643 
2,116.360149 ,39.866541 
2,116.290497 ,39.752943 
2,116.129845 ,39.962959 
2,116.396285 ,39.963275 
2,116.473090 ,39.925812 
2,116.251977 ,40.109119 
2,116.121159 ,39.833541 
2,116.116622 ,39.768904 
2,116.378707 ,39.985570 
2,116.512383 ,39.809213 
2,116.233156 ,39.892297 
2,116.282821 ,39.787430 
2,116.136891 ,39.708096 
2,116.347205 ,39.743840 
2,116.335002 ,39.810205 
2,116.127158 ,39.833318 
2,116.107184 ,39.758503 
2,116.531707 ,40.105260 
2,116.401347 ,39.896611 
2,116.677785 ,39.955230 
2,116.332965 ,39.727835 
2,116.131654 ,39.746487 
2,116.267064 ,39.853043 
2,116.149070 ,39.881029 
2,116.403574 ,39.925311 
2,116.610002 ,39.924097 
2,116.568430 ,39.983951 
2,116.163967 ,40.057923 
2,116.497680 ,39.878714 
2,116.179538 ,39.742354 
2,116.322154 ,39.770278 
2,116.332363 ,39.881554 
2,116.612980 ,40.043302 
2,116.243233 ,40.039328 
2,116.346736 ,40.093102 
2,116.435224 ,39.885708 
2,116.354453 ,39.975306 
2,116.198090 ,39.993186 
2,116.182940 ,39.825713 
2,116.599232 ,39.938823 
2,116.255475 ,40.065709 
2,116.556186 ,39.978444 
2,116.485205 ,39.826802 
2,116.341987 ,40.080109 
2,116.604205 ,39.762220 
2,116.347641 ,40.132115 
2,116.530735 ,39.870139 
2,116.538171 ,40.138911 
2,116.184338 ,40.013810 
2,116.221040 ,40.155860 
2,116.404202 ,39.871644 
2,116.366556 ,40.087393 
2,116.329896 ,39.992886 
2,116.158608 ,39.988892 
2,116.350852 ,39.946864 
2,116.662108 ,40.002566 
2,116.429806 ,39.940008 
2,116.301115 ,39.875276 
2,116.498260 ,40.137772 
2,116.585622 ,39.989420 
2,116.401228 ,40.041078 
2,116.178918 ,40.097005 
2,116.249247 ,39.915973 
2,116.121724 ,39.757274 
2,116.180627 ,39.734351 
2,116.163499 ,39.990753 
2,116.277793 ,39.719803 
2,116.142652 ,39.753464 
2,116.210488 ,39.989959 
2,116.297788 ,40.031478 
2,116.477389 ,39.839907 
2,116.539166 ,40.133488 
2,116.333464 ,39.973820 
2,116.665203 ,39.995020 
2,116.351384 ,39.967956 
2,116.498053 ,40.062180 
2,116.331332 ,40.048593 
2,116.181902 ,39.827877 
2,116.256907 ,40.110497 
2,116.661169 ,39.863133 
2,116.180245 ,40.057366 
2,116.459881 ,39.794027 
2,116.472521 ,39.933929 
2,116.276368 ,39.840244 
2,116.690441 ,39.899387 
2,116.222988 ,40.101678 
2,116.381361 ,39.891943 
2,116.677244 ,39.886203 
2,116.349837 ,39.748804 
2,116.395280 ,39.867675 
2,116.490913 ,39.843332 
2,116.534760 ,39.842326 
2,116.433216 ,40.035669 
2,116.150803 ,39.953491 
2,116.562184 ,40.038596 
2,116.175248 ,40.036376 
2,116.316341 ,39.932548 
2,116.649155 ,40.060933 
2,116.549104 ,39.821780 
2,116.353150 ,39.963799 
2,116.346428 ,39.845952 
2,116.559054 ,40.021143 
2,116.283193 ,39.914513 
2,116.357190 ,39.905337 
2,116.589252 ,40.077234 
2,116.371407 ,40.036318 
2,116.274664 ,39.962031 
2,116.439980 ,39.931291 
2,116.372097 ,39.736921 
2,116.523972 ,40.030174 
2,116.283986 ,39.731031 
2,116.179890 ,40.083464 
2,116.130097 ,39.962469 
2,116.480968 ,39.799028 
2,116.176535 ,40.073921 
2,116.337530 ,39.724733 
2,116.613660 ,40.016850 
2,116.320522 ,40.084135 
2,116.464055 ,39.758444 
2,116.463287 ,39.976656 
2,116.411622 ,39.904003 
2,116.299732 ,40.138874 
2,116.221412 ,39.734750 
2,116.278149 ,39.975441 
2,116.354626 ,39.877589 
2,116.325208 ,39.785365 
2,116.371109 ,39.840981 
2,116.409970 ,39.834377 
2,116.379536 ,39.890775 
2,116.268759 ,40.087220 
2,116.460836 ,39.761369 
2,116.661358 ,39.881919 
2,116.520254 ,39.753417 
2,116.336241 ,40.068432 
2,116.299193 ,40.147447 
2,116.194622 ,39.796990 
2,116.675736 ,39.900462 
2,116.629525 ,39.974041 
2,116.141820 ,39.770383 
2,116.233383 ,39.903624 
2,116.371493 ,40.010147 
2,116.204733 ,39.902148 
2,116.227186 ,40.029366 
2,116.692431 ,39.976355 
2,116.612052 ,39.834813 
2,116.539103 ,39.970798 
2,116.538829 ,39.958466 
2,116.290128 ,39.841434 
2,116.271847 ,39.844576 
2,116.597416 ,39.829360 
2,116.213824 ,39.896549 
2,116.333302 ,39.978628 
2,116.607891 ,39.841755 
2,116.615539 ,39.798271 
2,116.373288 ,40.037334 
2,116.378925 ,39.944335 
2,116.424504 ,39.977628 
2,116.357967 ,39.954182 
2,116.479118 ,39.853600 
2,116.205820 ,40.106927 
2,116.447048 ,39.866848 
2,116.250407 ,39.769430 
2,116.579979 ,39.957192 
2,116.606798 ,39.893962 
2,116.167449 ,40.149389 
2,116.547692 ,39.871472 
2,116.487022 ,39.834761 
2,116.452714 ,39.869057 
2,116.569959 ,39.876404 
2,116.356073 ,39.889634 
2,116.320788 ,39.856668 
2,116.359727 ,39.889633 
2,116.330078 ,40.014090 
2,116.277587 ,40.028851 
2,116.459865 ,39.978054 
2,116.322999 ,39.840845 
2,116.186721 ,39.939695 
2,116.227553 ,40.069462 
2,116.247201 ,39.872790 
2,116.458324 ,39.761507 
2,116.278523 ,39.767984 
2,116.255865 ,39.981405 
2,116.368530 ,39.900794 
2,116.388390 ,39.942544 
2,116.294640 ,39.725807 
2,116.667762 ,39.892619 
2,116.315555 ,39.877354 
2,116.560624 ,40.008625 
2,116.551919 ,40.135374 
2,116.123279 ,39.701882 
2,116.213298 ,40.100561 
2,116.517170 ,39.848767 
2,116.405465 ,39.980627 
2,116.554061 ,40.131388 
2,116.526781 ,39.748573 
2,116.577922 ,40.116047 
2,116.422241 ,40.052979 
2,116.269290 ,39.982575 
2,116.414758 ,39.848028 
2,116.353619 ,39.894466 
2,116.529162 ,39.873235 
2,116.364745 ,39.725877 
2,116.703834 ,39.888276 
2,116.617010 ,39.956093 
2,116.607253 ,40.112692 
2,116.253313 ,39.721351 
2,116.690661 ,39.973210 
2,116.183873 ,39.923956 
2,116.562681 ,39.987530 
2,116.201906 ,40.024808 
2,116.557700 ,39.779933 
2,116.239777 ,40.082543 
2,116.140802 ,39.701892 
2,116.208912 ,39.842471 
2,116.557360 ,39.939368 
2,116.498574 ,39.837010 
2,116.166628 ,39.723612 
2,116.217302 ,40.119962 
2,116.363812 ,40.087261 
2,116.597617 ,39.927117 
2,116.196777 ,39.796230 
2,116.455808 ,39.871338 
2,116.467672 ,39.794837 
2,116.300291 ,40.089851 
2,116.240387 ,39.850046 
2,116.541845 ,39.835484 
2,116.237131 ,39.835040 
2,116.149950 ,40.052391 
2,116.685060 ,39.892467 
2,116.599356 ,39.818900 
2,116.144593 ,40.074694 
2,116.515182 ,39.902972 
2,116.414936 ,39.838932 
2,116.442370 ,39.834063 
2,116.474870 ,39.817423 
2,116.632171 ,39.990541 
2,116.683977 ,39.990087 
2,116.192076 ,40.026323 
2,116.562793 ,40.135137 
2,116.174213 ,39.936015 
2,116.534073 ,39.916820 
2,116.216170 ,40.090630 
2,116.178328 ,39.927660 
2,116.574040 ,39.788611 
2,116.280186 ,39.694926 
2,116.217125 ,39.736201 
2,116.108608 ,39.769057 
2,116.338809 ,39.716028 
2,116.470008 ,40.046010 
2,116.215001 ,39.708383 
2,116.372899 ,40.099176 
2,116.547600 ,39.819057 
2,116.382439 ,39.850103 
2,116.480563 ,39.911019 
2,116.631700 ,39.991331 
2,116.548133 ,39.889307 
2,116.155020 ,39.840975 
2,116.368843 ,40.090091 
2,116.447697 ,39.922190 
2,116.119401 ,39.832570 
2,116.534075 ,39.873402 
2,116.323488 ,39.902381 
2,116.220966 ,40.118894 
2,116.271841 ,39.907550 
2,116.531509 ,40.018803 
2,116.238707 ,40.065440 
2,116.554519 ,39.984700 
2,116.527675 ,39.805858 
2,116.673396 ,40.003406 
2,116.417365 ,40.142650 
2,116.677890 ,39.875923 
2,116.363613 ,39.882472 
2,116.460740 ,40.024667 
2,116.154115 ,40.063670 
2,116.178226 ,40.069580 
2,116.216041 ,40.012261 
2,116.336571 ,39.710420 
2,116.424398 ,39.993515 
2,116.417702 ,40.026877 
2,116.331820 ,40.167551 
2,116.637160 ,39.850719 
2,116.530901 ,39.757891 
2,116.231391 ,40.042297 
2,116.548937 ,39.857130 
2,116.218796 ,40.062871 
2,116.421540 ,39.987932 
2,116.353533 ,39.932022 
2,116.191056 ,39.936736 
2,116.107043 ,39.767910 
2,116.185694 ,39.997631 
2,116.398370 ,39.774217 
2,116.280676 ,39.721303 
2,116.521140 ,39.853884 
2,116.625449 ,39.922939 
2,116.648854 ,39.986070 
2,116.567126 ,39.842862 
2,116.410587 ,39.828141 
2,116.616901 ,40.045458 
2,116.618974 ,39.952437 
2,116.600180 ,39.909411 
2,116.522665 ,39.994824 
2,116.514880 ,39.951374 
2,116.589657 ,39.807273 
2,116.237758 ,39.858794 
2,116.110296 ,40.005506 
2,116.524709 ,40.101264 
2,116.547886 ,39.779557 
2,116.530172 ,40.137807 
2,116.160706 ,39.874217 
2,116.515177 ,40.096172 
2,116.157850 ,40.046680 
2,116.545489 ,40.047997 
2,116.271314 ,39.883651 
2,116.206991 ,39.962989 
2,116.248088 ,39.693569 
2,116.320362 ,39.976258 
2,116.234138 ,39.901958 
2,116.658803 ,40.036407 
2,116.453524 ,39.968758 
2,116.262626 ,40.041660 
2,116.339841 ,39.887723 
2,116.329853 ,40.071240 
2,116.354617 ,40.048024 
2,116.376671 ,40.141155 
2,116.194301 ,39.834449 
2,116.366228 ,40.039758 
2,116.402464 ,40.057738 
2,116.246513 ,40.082533 
2,116.167479 ,39.787126 
2,116.326487 ,40.048801 
2,116.327770 ,39.720528 
2,116.475804 ,39.847765 
2,116.557899 ,40.068641 
2,116.166094 ,39.866423 
2,116.636281 ,39.964075 
2,116.558630 ,39.755170 
2,116.454583 ,39.919341 
2,116.508998 ,39.955924 
2,116.343479 ,39.829586 
2,116.247023 ,39.988247 
2,116.405040 ,39.741622 
2,116.485102 ,40.129100 
2,116.560910 ,39.750603 
2,116.165644 ,39.766958 
2,116.572416 ,39.796499 
2,116.222021 ,39.784712 
2,116.338698 ,39.888312 
2,116.625386 ,40.033758 
2,116.129766 ,40.049521 
2,116.620563 ,40.049122 
2,116.478334 ,40.011218 
2,116.681040 ,39.974810 
2,116.515665 ,40.024256 
2,116.307731 ,39.724235 
2,116.368120 ,39.839160 
2,116.293070 ,39.712981 
2,116.662260 ,39.889223 
2,116.273052 ,40.005707 
2,116.327285 ,39.720821 
2,116.541900 ,40.048627 
2,116.500003 ,40.076557 
2,116.299402 ,40.030263 
2,116.338317 ,39.911869 
2,116.321520 ,39.826328 
2,116.181889 ,39.909099 
2,116.434195 ,39.945952 
2,116.677640 ,39.943913 
2,116.472730 ,39.898326 
2,116.416149 ,39.828681 
2,116.588154 ,39.975445 
2,116.390695 ,39.871011 
2,116.142704 ,39.769577 
2,116.486317 ,39.851140 
2,116.348496 ,39.922986 
2,116.126570 ,39.848214 
2,116.358939 ,39.891154 
2,116.295332 ,39.778896 
2,116.110811 ,39.965487 
2,116.137802 ,40.035138 
2,116.500231 ,39.829239 
2,116.529861 ,40.128418 
2,116.345433 ,40.139582 
2,116.668790 ,39.907877 
2,116.599124 ,39.848898 
2,116.405882 ,39.893260 
2,116.618282 ,40.017135 
2,116.185038 ,40.023317 
2,116.444833 ,39.951910 
2,116.459553 ,40.080726 
2,116.473438 ,39.931149 
2,116.465551 ,39.853541 
2,116.280902 ,39.762360 
2,116.269210 ,40.121877 
2,116.627421 ,40.046324 
2,116.352097 ,40.033593 
2,116.635668 ,40.005382 
2,116.458797 ,40.024260 
2,116.403566 ,39.851367 
2,116.168292 ,40.155939 
2,116.331141 ,39.737580 
2,116.477085 ,39.768772 
2,116.350099 ,40.072437 
2,116.219493 ,39.760335 
2,116.403117 ,40.135461 
2,116.588175 ,39.882560 
2,116.390599 ,39.761370 
2,116.517573 ,39.841606 
2,116.479699 ,39.781905 
2,116.536824 ,40.002928 
2,116.290487 ,39.884561 
2,116.409359 ,39.972407 
2,116.397712 ,39.805085 
2,116.365291 ,39.990579 
2,116.308188 ,39.979731 
2,116.506821 ,39.987947 
2,116.206840 ,39.886909 
2,116.428849 ,40.021850 
2,116.341817 ,39.922963 
2,116.560955 ,40.127605 
2,116.197796 ,40.053907 
2,116.339442 ,39.917288 
2,116.153279 ,40.063008 
2,116.419230 ,39.770051 
2,116.402995 ,40.047521 
2,116.325907 ,39.846778 
2,116.460209 ,39.978637 
2,116.253872 ,40.106435 
2,116.365613 ,40.051829 
2,116.608191 ,39.909614 
2,116.330646 ,40.126773 
2,116.542924 ,40.108665 
2,116.398137 ,39.774878 
2,116.489134 ,39.859654 
2,116.329441 ,39.966451 
2,116.315079 ,39.938374 
2,116.201216 ,39.887628 
2,116.477232 ,39.995976 
2,116.186780 ,39.915883 
2,116.371102 ,39.869732 
2,116.512681 ,39.807632 
2,116.651557 ,40.043290 
2,116.308302 ,39.822849 
2,116.362291 ,39.839774 
2,116.599634 ,40.011500 
2,116.564445 ,39.845750 
2,116.393815 ,39.928305 
2,116.308926 ,39.763173 
2,116.349355 ,39.725527 
2,116.421347 ,39.993679 
2,116.500434 ,39.872422 
2,116.458841 ,40.132700 
2,116.444844 ,39.988266 
2,116.188894 ,40.098187 
2,116.529017 ,39.853557 
2,116.372294 ,39.913154 
2,116.158283 ,39.833183 
2,116.239924 ,40.095600 
2,116.554629 ,39.762987 
2,116.287655 ,40.055676 
2,116.319315 ,40.109421 
2,116.124133 ,39.706493 
2,116.371879 ,39.896692 
2,116.125839 ,39.787958 
2,116.385695 ,40.013105 
2,116.274818 ,40.131589 
2,116.195270 ,40.070620 
2,116.332097 ,39.731543 
2,116.338668 ,39.711568 
2,116.393795 ,39.949852 
2,116.419593 ,39.939738 
2,116.211209 ,40.108159 
2,116.332802 ,39.742828 
2,116.373711 ,39.922413 
2,116.448639 ,39.854008 
2,116.501772 ,39.923283 
2,116.549782 ,39.956449 
2,116.207971 ,39.881104 
2,116.312062 ,40.149753 
2,116.161447 ,39.716482 
2,116.625885 ,40.088227 
2,116.592457 ,39.820582 
2,116.472618 ,39.895942 
2,116.238051 ,39.862919 
2,116.588151 ,39.803449 
2,116.276851 ,39.785820 
2,116.387268 ,40.150167 
2,116.621555 ,39.952790 
2,116.447548 ,39.967599 
2,116.476536 ,39.833458 
2,116.562897 ,39.863101 
2,116.400039 ,39.938957 
2,116.567740 ,39.826707 
2,116.530501 ,39.807126 
2,116.702357 ,39.944017 
2,116.242983 ,40.075880 
2,116.424777 ,39.976214 
2,116.428117 ,39.878809 
2,116.582970 ,39.922249 
2,116.693543 ,39.862887 
2,116.420054 ,39.887585 
2,116.526532 ,39.899001 
2,116.157133 ,39.776942 
2,116.266522 ,39.716202 
2,116.599078 ,39.856431 
2,116.427559 ,39.898946 
2,116.417585 ,39.862072 
2,116.581786 ,39.918361 
2,116.337541 ,39.808534 
2,116.271105 ,39.873630 
2,116.345259 ,39.912021 
2,116.457250 ,39.750179 
2,116.220447 ,40.025713 
2,116.251159 ,40.090535 
2,116.568546 ,40.131230 
2,116.316811 ,39.909832 
2,116.173014 ,39.834718 
2,116.477207 ,39.862211 
2,116.599710 ,40.136466 
2,116.203652 ,39.774660 
2,116.397347 ,40.131686 
2,116.360030 ,39.915020 
2,116.519927 ,39.865756 
2,116.498840 ,40.072409 
2,116.115826 ,40.039261 
2,116.503155 ,40.143600 
2,116.283574 ,39.785398 
2,116.192412 ,40.013011 
2,116.334277 ,39.794258 
2,116.612069 ,40.035418 
2,116.288449 ,39.927187 
2,116.624819 ,40.007150 
2,116.468545 ,39.822531 
2,116.391481 ,39.946034 
2,116.506746 ,39.804799 
2,116.389705 ,39.890908 
2,116.415261 ,40.110607 
2,116.608849 ,39.891278 
2,116.242260 ,39.736943 
2,116.623805 ,40.033850 
2,116.481884 ,40.045316 
2,116.514947 ,39.900819 
2,116.148524 ,39.992367 
2,116.661764 ,39.933302 
2,116.161832 ,39.820199 
2,116.606745 ,39.999207 
2,116.663994 ,39.863277 
2,116.541081 ,39.829590 
2,116.535988 ,40.072143 
2,116.363772 ,40.099537 
2,116.259803 ,39.944802 
2,116.329240 ,39.973520 
2,116.288724 ,39.828995 
2,116.339260 ,39.926893 
2,116.596404 ,39.925794 
2,116.175861 ,39.997086 
2,116.522370 ,39.750284 
2,116.417280 ,39.805135 
2,116.137297 ,39.857680 
2,116.585592 ,39.919596 
2,116.208950 ,40.144970 
2,116.439828 ,39.954919 
2,116.525250 ,39.901870 
2,116.136103 ,39.738477 
2,116.400419 ,39.880992 
2,116.226603 ,39.781721 
2,116.471179 ,40.048475 
2,116.573869 ,40.007640 
2,116.419474 ,39.945328 
2,116.223006 ,39.992908 
2,116.197994 ,40.015583 
2,116.436081 ,39.903398 
2,116.396870 ,39.945787 
2,116.237712 ,39.954979 
2,116.304613 ,39.912096 
2,116.146917 ,39.853935 
2,116.345490 ,39.742426 
2,116.246408 ,40.105003 
2,116.325236 ,39.868347 
2,116.238100 ,40.109921 
2,116.241274 ,40.154529 
2,116.422261 ,40.103755 
2,116.335351 ,39.890097 
2,116.118448 ,39.985482 
2,116.201020 ,39.923363 
2,116.478511 ,39.998755 
2,116.501556 ,40.114321 
2,116.187699 ,40.026073 
2,116.428049 ,39.876519 
2,116.662424 ,40.018428 
2,116.499963 ,39.858608 
2,116.257881 ,39.979024 
2,116.271390 ,40.012750 
2,116.366704 ,39.728791 
2,116.387287 ,39.990805 
2,116.291380 ,39.708102 
2,116.446687 ,40.085800 
2,116.625374 ,39.960537 
2,116.612984 ,39.908994 
2,116.562485 ,40.098640 
2,116.328336 ,39.799487 
2,116.554435 ,39.926517 
2,116.493386 ,39.851106 
2,116.306262 ,39.958309 
2,116.170051 ,39.853424 
2,116.533526 ,40.137964 
2,116.183300 ,39.933591 
2,116.429548 ,40.123542 
2,116.303278 ,39.937591 
2,116.419895 ,39.933496 
2,116.554879 ,39.853222 
2,116.175789 ,39.778266 
2,116.567861 ,39.982635 
2,116.458841 ,39.871530 
2,116.389055 ,39.839797 
2,116.239696 ,39.929469 
2,116.385400 ,39.769066 
2,116.202924 ,40.027005 
2,116.388189 ,39.976691 
2,116.152797 ,39.729289 
2,116.634486 ,40.006673 
2,116.388864 ,39.893224 
2,116.158463 ,39.998749 
2,116.481087 ,39.786023 
2,116.222380 ,40.072736 
2,116.677395 ,39.953200 
2,116.168606 ,40.076471 
2,116.353892 ,39.885909 
2,116.450853 ,39.966635 
2,116.398990 ,39.936248 
2,116.511785 ,39.881191 
2,116.473143 ,39.928991 
2,116.361640 ,39.877361 
2,116.301360 ,39.916219 
2,116.350866 ,39.850280 
2,116.539170 ,40.035252 
2,116.464674 ,39.895221 
2,116.334505 ,40.075513 
2,116.533300 ,39.841656 
2,116.456261 ,39.971130 
2,116.651440 ,39.897146 
2,116.382323 ,39.948059 
2,116.588398 ,40.062677 
2,116.264292 ,40.040628 
2,116.449145 ,40.148162 
2,116.581147 ,39.764562 
2,116.414695 ,39.844313 
2,116.143518 ,40.061841 
2,116.203126 ,40.145678 
2,116.196454 ,40.125869 
2,116.318507 ,40.013342 
2,116.303047 ,39.825072 
2,116.291065 ,40.041334 
2,116.362479 ,40.123081 
2,116.321913 ,40.101463 
2,116.478431 ,39.920651 
2,116.312632 ,39.838885 
2,116.276702 ,39.954245 
2,116.418870 ,39.822133 
2,116.170669 ,40.043964 
2,116.663289 ,39.934409 
2,116.357873 ,39.847801 
2,116.313260 ,39.826305 
2,116.140968 ,39.832756 
2,116.339127 ,39.873210 
2,116.538116 ,39.841241 
2,116.529240 ,39.874006 
2,116.513872 ,40.056210 
2,116.383861 ,39.903875 
2,116.129373 ,39.826761 
2,116.100162 ,39.722204 
2,116.515522 ,39.958707 
2,116.314625 ,39.986439 
2,116.617868 ,40.115964 
2,116.460264 ,40.047450 
2,116.401250 ,40.137455 
2,116.193495 ,40.133847 
2,116.366316 ,40.001177 
2,116.194068 ,40.100173 
2,116.414585 ,39.982113 
2,116.302248 ,39.804701 
2,116.398426 ,39.873590 
2,116.695100 ,39.976588 
2,116.405906 ,39.837110 
2,116.414429 ,40.061103 
2,116.301897 ,39.901072 
2,116.212629 ,39.866669 
2,116.496265 ,39.953829 
2,116.379935 ,39.931517 
2,116.288705 ,39.700441 
2,116.325110 ,39.869964 
2,116.162844 ,39.837273 
3,116.152113 ,39.868443 
3,116.228050 ,40.011914 
3,116.281423 ,39.776693 
3,116.382519 ,39.977430 
3,116.356102 ,39.933750 
3,116.459988 ,40.011462 
3,116.140443 ,40.038863 
3,116.457361 ,39.840036 
3,116.222633 ,39.977565 
3,116.202066 ,40.143993 
3,116.588989 ,40.057086 
3,116.526879 ,39.817878 
3,116.503597 ,39.902860 
3,116.443108 ,39.938899 
3,116.654835 ,39.901081 
3,116.570247 ,40.115670 
3,116.581585 ,39.807587 
3,116.631990 ,39.982092 
3,116.332306 ,39.779971 
3,116.126923 ,39.733712 
3,116.323987 ,39.927989 
3,116.613044 ,39.938500 
3,116.477402 ,39.987549 
3,116.408934 ,39.921871 
3,116.168921 ,39.872391 
3,116.278341 ,39.802166 
3,116.566406 ,40.040446 
3,116.412820 ,39.811639 
3,116.131296 ,39.720798 
3,116.629915 ,39.873330 
3,116.476438 ,40.116922 
3,116.472431 ,39.877080 
3,116.296797 ,40.024540 
3,116.583370 ,40.008059 
3,116.340188 ,39.714245 
3,116.472971 ,40.020429 
3,116.467567 ,39.881927 
3,116.371610 ,39.905397 
3,116.231449 ,40.043761 
3,116.288315 ,39.934825 
3,116.462797 ,40.126535 
3,116.261842 ,39.903859 
3,116.472031 ,39.867853 
3,116.346776 ,39.880004 
3,116.217143 ,40.127949 
3,116.619308 ,39.809301 
3,116.185045 ,39.750972 
3,116.636648 ,39.960603 
3,116.453058 ,39.797329 
3,116.187589 ,39.802281 
3,116.211918 ,39.804844 
3,116.363721 ,39.886527 
3,116.402613 ,40.060020 
3,116.470978 ,40.018366 
3,116.613283 ,39.907860 
3,116.408038 ,40.128963 
3,116.266482 ,39.716903 
3,116.611588 ,40.051097 
3,116.575600 ,40.010424 
3,116.389527 ,39.935703 
3,116.697171 ,39.913430 
3,116.180742 ,39.777659 
3,116.443718 ,39.859208 
3,116.532836 ,39.925667 
3,116.597094 ,40.031667 
3,116.578958 ,40.028698 
3,116.540976 ,39.915874 
3,116.179564 ,39.942900 
3,116.290359 ,39.806944 
3,116.157265 ,39.720736 
3,116.314397 ,39.882352 
3,116.556810 ,39.762148 
3,116.456902 ,39.986785 
3,116.175172 ,40.055369 
3,116.474374 ,40.085050 
3,116.258322 ,39.774758 
3,116.592490 ,40.044558 
3,116.621956 ,40.018520 
3,116.345859 ,39.748722 
3,116.342117 ,39.862326 
3,116.325580 ,39.968540 
3,116.407430 ,39.996251 
3,116.211268 ,40.129097 
3,116.482994 ,39.956433 
3,116.522689 ,39.995497 
3,116.590549 ,39.922551 
3,116.322102 ,39.946090 
3,116.199460 ,39.745060 
3,116.177043 ,40.050244 
3,116.347080 ,39.901511 
3,116.518829 ,40.006700 
3,116.627948 ,40.028914 
3,116.456075 ,40.156019 
3,116.321546 ,39.870067 
3,116.263685 ,39.810561 
3,116.544018 ,39.867461 
3,116.396927 ,40.007160 
3,116.235869 ,39.908023 
3,116.643954 ,40.027593 
3,116.324378 ,40.031500 
